epoch,time,train/box_loss,train/cls_loss,train/dfl_loss,metrics/precision(B),metrics/recall(B),metrics/mAP50(B),metrics/mAP50-95(B),val/box_loss,val/cls_loss,val/dfl_loss,lr/pg0,lr/pg1,lr/pg2
1,178.497,1.74798,2.23852,1.85543,0.70155,0.57753,0.63447,0.2961,1.89659,3.31381,1.55399,3.33149e-05,3.33149e-05,0.0667184
2,340.828,1.63041,2.05382,1.74591,0.73205,0.66893,0.7199,0.38207,1.64907,2.52978,1.41508,6.66482e-05,6.66482e-05,0.0334184
3,502.01,1.5555,1.95117,1.69122,0.76703,0.67878,0.75181,0.41106,1.55884,2.29139,1.36739,9.99816e-05,9.99816e-05,0.000118408
4,665.229,1.51549,1.89682,1.6562,0.79008,0.71278,0.78141,0.45435,1.46663,2.30754,1.32868,0.0001,0.0001,0.0001
5,831.739,1.48988,1.86403,1.63713,0.79539,0.7173,0.78859,0.45856,1.46582,2.12047,1.31909,0.0001,0.0001,0.0001
6,997.382,1.47501,1.8381,1.62313,0.79305,0.7303,0.79453,0.46117,1.44667,2.26842,1.30434,0.0001,0.0001,0.0001
7,1158.76,1.46524,1.81817,1.60734,0.79998,0.73912,0.8052,0.47483,1.43093,2.2657,1.29747,0.0001,0.0001,0.0001
8,1323.41,1.45474,1.80176,1.59889,0.78592,0.7439,0.81219,0.49004,1.40888,2.06619,1.27821,0.0001,0.0001,0.0001
9,1481.08,1.44391,1.784,1.59196,0.80328,0.74248,0.81333,0.49022,1.40557,1.90973,1.2818,0.0001,0.0001,0.0001
10,1647.45,1.43216,1.7647,1.5784,0.80185,0.75172,0.82093,0.49762,1.39975,2.00066,1.27847,0.0001,0.0001,0.0001
11,1816.52,1.42712,1.75988,1.57958,0.81274,0.74782,0.82497,0.50461,1.38981,1.85424,1.27622,0.0001,0.0001,0.0001
12,1965.71,1.42478,1.75217,1.57211,0.81302,0.74137,0.82277,0.50771,1.37036,1.75671,1.26907,0.0001,0.0001,0.0001
13,2129.29,1.41565,1.74285,1.56729,0.81264,0.75076,0.82633,0.51032,1.36554,1.76788,1.2649,0.0001,0.0001,0.0001
14,2286.1,1.41632,1.72398,1.55551,0.8192,0.75183,0.83193,0.51848,1.36113,1.7236,1.24971,0.0001,0.0001,0.0001
15,2454.58,1.41766,1.73297,1.56206,0.82051,0.75244,0.83353,0.51812,1.3558,1.68504,1.25142,0.0001,0.0001,0.0001
16,2624.76,1.40996,1.71611,1.55555,0.82384,0.75589,0.83593,0.52014,1.35072,1.75936,1.25279,0.0001,0.0001,0.0001
17,2790.21,1.39686,1.71124,1.54878,0.8243,0.75078,0.8355,0.52397,1.34253,1.70071,1.2458,0.0001,0.0001,0.0001
18,2953.54,1.40264,1.70666,1.55363,0.81682,0.76601,0.83872,0.52802,1.3365,1.70257,1.23899,0.0001,0.0001,0.0001
19,3108.97,1.39453,1.70284,1.54352,0.82644,0.7582,0.83976,0.528,1.33819,1.63702,1.24436,0.0001,0.0001,0.0001
20,3278.49,1.39029,1.69877,1.54723,0.821,0.75568,0.83687,0.52712,1.33391,1.70916,1.24202,0.0001,0.0001,0.0001
21,3433.69,1.38629,1.68719,1.54201,0.82539,0.76069,0.84022,0.52866,1.32908,1.68171,1.23839,0.0001,0.0001,0.0001
22,3597.54,1.38253,1.67972,1.53629,0.82107,0.76563,0.84317,0.53292,1.32291,1.71609,1.23584,0.0001,0.0001,0.0001
23,3761.78,1.38446,1.67592,1.53389,0.82533,0.76672,0.84552,0.53575,1.32086,1.60163,1.23283,0.0001,0.0001,0.0001
24,3922.53,1.37458,1.66588,1.5281,0.82657,0.76102,0.84386,0.53425,1.3179,1.62261,1.23289,0.0001,0.0001,0.0001
25,4077.76,1.3752,1.66657,1.53364,0.83235,0.76314,0.84591,0.53603,1.31707,1.63427,1.23257,0.0001,0.0001,0.0001
26,4243.05,1.37089,1.6671,1.52562,0.83106,0.76319,0.84655,0.53595,1.31602,1.62357,1.23051,0.0001,0.0001,0.0001
27,4413.66,1.37314,1.6584,1.52486,0.83472,0.76066,0.84685,0.53501,1.31879,1.63287,1.23232,0.0001,0.0001,0.0001
28,4571.27,1.36735,1.65053,1.52384,0.83438,0.75884,0.84713,0.53516,1.31824,1.61327,1.23307,0.0001,0.0001,0.0001
29,4736.67,1.36818,1.65027,1.52259,0.83677,0.75935,0.8479,0.53626,1.31551,1.60365,1.23388,0.0001,0.0001,0.0001
30,4897.21,1.36647,1.63567,1.51664,0.83467,0.76163,0.84841,0.53784,1.31285,1.58928,1.23351,0.0001,0.0001,0.0001
31,5062.38,1.36269,1.63851,1.51393,0.83372,0.76618,0.85053,0.53987,1.31014,1.59514,1.23087,0.0001,0.0001,0.0001
32,5225.86,1.36186,1.63855,1.51239,0.8348,0.76767,0.85085,0.54112,1.30746,1.59492,1.22818,0.0001,0.0001,0.0001
33,5393.37,1.3595,1.62748,1.51332,0.83693,0.76805,0.85164,0.54302,1.30534,1.60665,1.22584,0.0001,0.0001,0.0001
34,5557.98,1.35917,1.6343,1.51344,0.83661,0.76847,0.85236,0.54406,1.30428,1.61211,1.22593,0.0001,0.0001,0.0001
35,5725.4,1.35664,1.621,1.50816,0.8377,0.76784,0.85335,0.54498,1.30277,1.60747,1.22447,0.0001,0.0001,0.0001
36,5890.38,1.35303,1.62443,1.50783,0.83637,0.76985,0.854,0.54533,1.30192,1.60729,1.2231,0.0001,0.0001,0.0001
37,6058.32,1.35149,1.61866,1.50574,0.8385,0.77029,0.85456,0.5456,1.30074,1.59803,1.22175,0.0001,0.0001,0.0001
38,6221.71,1.3503,1.62041,1.50377,0.83832,0.76961,0.85482,0.54647,1.29982,1.59622,1.221,0.0001,0.0001,0.0001
39,6387.99,1.34995,1.61281,1.5052,0.83957,0.76854,0.85543,0.54685,1.29933,1.59249,1.22055,0.0001,0.0001,0.0001
40,6556.58,1.34614,1.61011,1.50075,0.84034,0.7692,0.85579,0.54755,1.29808,1.59015,1.2196,0.0001,0.0001,0.0001
41,6719.46,1.34317,1.60642,1.50348,0.8411,0.7694,0.85618,0.54821,1.29747,1.58707,1.21925,0.0001,0.0001,0.0001
42,6881.6,1.34219,1.59971,1.49849,0.84109,0.77036,0.85674,0.54881,1.29655,1.5821,1.21839,0.0001,0.0001,0.0001
43,7027.56,1.33896,1.60219,1.49401,0.84148,0.76999,0.85728,0.54963,1.29532,1.5763,1.21769,0.0001,0.0001,0.0001
44,7181.12,1.33583,1.60167,1.49424,0.84425,0.76935,0.85759,0.5501,1.29449,1.57255,1.21683,0.0001,0.0001,0.0001
45,7337.99,1.34385,1.59952,1.49644,0.84448,0.76951,0.85819,0.55056,1.29353,1.56992,1.21588,0.0001,0.0001,0.0001
46,7505.83,1.3419,1.59548,1.49367,0.84522,0.77043,0.8587,0.55123,1.29278,1.56897,1.21554,0.0001,0.0001,0.0001
47,7673.84,1.33925,1.59324,1.49237,0.84623,0.77059,0.85932,0.55203,1.29191,1.56891,1.21518,0.0001,0.0001,0.0001
48,7843.57,1.33022,1.58573,1.48701,0.84428,0.77153,0.85981,0.55271,1.29097,1.56765,1.21428,0.0001,0.0001,0.0001
49,8005.23,1.33395,1.58565,1.49387,0.84544,0.77052,0.85994,0.55299,1.2899,1.56652,1.2136,0.0001,0.0001,0.0001
50,8161.48,1.32925,1.58639,1.48646,0.8438,0.77212,0.86014,0.5537,1.28909,1.56387,1.21306,0.0001,0.0001,0.0001
51,8314.29,1.33207,1.58436,1.49307,0.84456,0.77233,0.8601,0.55418,1.28849,1.5633,1.21255,0.0001,0.0001,0.0001
52,8492.86,1.32936,1.58032,1.48774,0.84331,0.77413,0.86044,0.5548,1.28762,1.55943,1.21187,0.0001,0.0001,0.0001
53,8659.58,1.32719,1.56825,1.48197,0.84423,0.77359,0.86064,0.55525,1.28652,1.55753,1.21123,0.0001,0.0001,0.0001
54,8822.04,1.32743,1.58124,1.48246,0.84595,0.7737,0.86095,0.5558,1.28552,1.55869,1.21058,0.0001,0.0001,0.0001
55,8984.2,1.3255,1.56686,1.48018,0.84439,0.77529,0.86126,0.55633,1.28442,1.55924,1.20959,0.0001,0.0001,0.0001
56,9153.61,1.32397,1.57376,1.48241,0.84514,0.7751,0.86158,0.55684,1.28344,1.55992,1.20899,0.0001,0.0001,0.0001
57,9313.33,1.32463,1.57107,1.47676,0.84505,0.77462,0.86171,0.55727,1.28267,1.55625,1.20843,0.0001,0.0001,0.0001
58,9480.09,1.32063,1.56427,1.47828,0.84558,0.7742,0.86188,0.55769,1.28206,1.55244,1.20777,0.0001,0.0001,0.0001
59,9646.79,1.32875,1.57022,1.48494,0.8464,0.77424,0.86241,0.55821,1.28121,1.54742,1.20731,0.0001,0.0001,0.0001
60,9812.54,1.31395,1.55913,1.47325,0.84631,0.7755,0.86279,0.55902,1.28001,1.54433,1.20649,0.0001,0.0001,0.0001
61,9979.24,1.32109,1.55837,1.47819,0.84579,0.77618,0.8631,0.55927,1.27945,1.54455,1.20621,0.0001,0.0001,0.0001
62,10143.8,1.31403,1.55491,1.47699,0.84616,0.77753,0.86357,0.56032,1.27852,1.54476,1.20583,0.0001,0.0001,0.0001
63,10306.4,1.31633,1.55402,1.47229,0.84631,0.77737,0.8639,0.56077,1.27755,1.54408,1.20515,0.0001,0.0001,0.0001
64,10463.4,1.31594,1.55333,1.47083,0.84646,0.77809,0.86446,0.56143,1.27677,1.54153,1.20439,0.0001,0.0001,0.0001
65,10630.3,1.32171,1.55292,1.47472,0.84726,0.77752,0.86486,0.5617,1.27574,1.53907,1.20353,0.0001,0.0001,0.0001
66,10785.5,1.31418,1.54853,1.47136,0.84895,0.77733,0.86551,0.56252,1.27483,1.53655,1.20272,0.0001,0.0001,0.0001
67,10947.7,1.31207,1.54691,1.46905,0.84998,0.77731,0.86589,0.56326,1.2736,1.53185,1.20168,0.0001,0.0001,0.0001
68,11112.8,1.30843,1.54424,1.47076,0.85058,0.77711,0.86616,0.56374,1.27241,1.53262,1.20036,0.0001,0.0001,0.0001
69,11281.9,1.30805,1.54457,1.46824,0.8499,0.77779,0.8667,0.56426,1.27167,1.53172,1.19978,0.0001,0.0001,0.0001
70,11437.4,1.30994,1.54582,1.46973,0.85042,0.77791,0.86724,0.56485,1.27081,1.53181,1.19909,0.0001,0.0001,0.0001
71,11597.2,1.30462,1.53447,1.46432,0.85097,0.77864,0.86766,0.56554,1.2699,1.53321,1.19827,0.0001,0.0001,0.0001
72,11754.8,1.30922,1.53297,1.4675,0.8503,0.77914,0.86778,0.56573,1.2692,1.53047,1.19756,0.0001,0.0001,0.0001
73,11917.9,1.29888,1.52891,1.4607,0.85156,0.77902,0.86798,0.56641,1.26844,1.52735,1.19702,0.0001,0.0001,0.0001
74,12089.9,1.30583,1.53636,1.4628,0.85065,0.78105,0.86854,0.56723,1.26804,1.52817,1.19666,0.0001,0.0001,0.0001
75,12253.6,1.3031,1.52707,1.46294,0.84962,0.78266,0.86897,0.56754,1.2674,1.53311,1.19591,0.0001,0.0001,0.0001
76,12409.7,1.30398,1.52732,1.46545,0.85036,0.78319,0.86931,0.56789,1.2671,1.53381,1.19554,0.0001,0.0001,0.0001
77,12571.3,1.29952,1.53155,1.46401,0.84953,0.78489,0.86976,0.56852,1.2666,1.53636,1.19531,0.0001,0.0001,0.0001
78,12737.1,1.30639,1.52746,1.46199,0.84934,0.78554,0.87009,0.56902,1.26615,1.53581,1.19492,0.0001,0.0001,0.0001
79,12898.2,1.2965,1.52017,1.4576,0.84873,0.7857,0.87038,0.56917,1.26576,1.53572,1.19436,0.0001,0.0001,0.0001
80,13058.6,1.29934,1.52672,1.45909,0.85012,0.78575,0.87064,0.56988,1.26518,1.5329,1.1935,0.0001,0.0001,0.0001
81,13221.1,1.29925,1.52524,1.45783,0.85079,0.78607,0.871,0.57061,1.26416,1.52992,1.19266,0.0001,0.0001,0.0001
82,13383.1,1.2988,1.51777,1.45682,0.85077,0.78691,0.87133,0.57095,1.26386,1.53073,1.19247,0.0001,0.0001,0.0001
83,13548.9,1.29546,1.51366,1.45868,0.85164,0.78643,0.87151,0.57118,1.26343,1.52889,1.19211,0.0001,0.0001,0.0001
84,13715.4,1.29731,1.52289,1.45852,0.85087,0.78727,0.8721,0.57177,1.26274,1.52931,1.19169,0.0001,0.0001,0.0001
85,13884,1.29947,1.5194,1.45869,0.8508,0.78873,0.87255,0.57213,1.2621,1.5309,1.19146,0.0001,0.0001,0.0001
86,14047.9,1.29813,1.51867,1.45448,0.85131,0.78998,0.87304,0.57273,1.26152,1.53581,1.19093,0.0001,0.0001,0.0001
87,14203,1.2925,1.5163,1.45519,0.85252,0.79038,0.87347,0.57316,1.26096,1.53157,1.19048,0.0001,0.0001,0.0001
88,14366,1.28854,1.5087,1.45123,0.85376,0.79059,0.87357,0.57355,1.26042,1.52991,1.19023,0.0001,0.0001,0.0001
89,14526.5,1.28714,1.5053,1.45161,0.85661,0.7887,0.87402,0.57422,1.26004,1.53004,1.18966,0.0001,0.0001,0.0001
90,14683.8,1.29144,1.5075,1.44807,0.8582,0.78924,0.87472,0.5748,1.2594,1.52755,1.18906,0.0001,0.0001,0.0001
91,14844.8,1.27335,1.3598,1.46799,0.85857,0.78965,0.87515,0.57521,1.25911,1.52341,1.18858,0.0001,0.0001,0.0001
92,15008.7,1.27443,1.34066,1.46369,0.86067,0.78961,0.87575,0.57562,1.25883,1.51723,1.1883,0.0001,0.0001,0.0001
93,15173.2,1.26993,1.33986,1.46387,0.86139,0.79008,0.87659,0.57598,1.25807,1.51351,1.18787,0.0001,0.0001,0.0001
94,15331,1.26762,1.33351,1.45977,0.85986,0.79155,0.87712,0.57647,1.25743,1.51458,1.18705,0.0001,0.0001,0.0001
95,15485,1.25779,1.32487,1.45883,0.86031,0.79276,0.87795,0.57672,1.25703,1.5135,1.18682,0.0001,0.0001,0.0001
96,15653.5,1.26288,1.32595,1.45961,0.86164,0.79237,0.87825,0.57707,1.25615,1.50608,1.18636,0.0001,0.0001,0.0001
97,15819.4,1.26293,1.32088,1.45807,0.863,0.79228,0.87878,0.57793,1.25568,1.50421,1.1862,0.0001,0.0001,0.0001
98,15978.7,1.25697,1.32074,1.45625,0.86469,0.79181,0.87966,0.57896,1.25493,1.50321,1.18559,0.0001,0.0001,0.0001
99,16144.6,1.26167,1.31917,1.45867,0.86463,0.79316,0.88009,0.57951,1.25443,1.49845,1.18517,0.0001,0.0001,0.0001
100,16306.4,1.25975,1.31411,1.45461,0.86242,0.79544,0.88118,0.5803,1.25405,1.49956,1.18478,0.0001,0.0001,0.0001
