image,stem,source,group_id,n_helmet,n_vest,is_empty_label,sha1
safety_vests_ext2_b47d7da6d998.jpg,safety_vests_ext2_b47d7da6d998,safety_vests_ext2,safety_vests_ext2:ppe_0830,0,2,0,b47d7da6d998e0f5036136f8cf8e3c1652feba1f
safety_vests_ext2_9fcd671db5c0.jpg,safety_vests_ext2_9fcd671db5c0,safety_vests_ext2,safety_vests_ext2:ppe_0834,0,1,0,9fcd671db5c0236557e28aedd0f90babe698ede4
safety_vests_ext2_120a111c073b.jpg,safety_vests_ext2_120a111c073b,safety_vests_ext2,safety_vests_ext2:ppe_0837,0,2,0,120a111c073b33b1a17cda50c2ae4059c0cb0e52
safety_vests_ext2_1084d3fea47d.jpg,safety_vests_ext2_1084d3fea47d,safety_vests_ext2,safety_vests_ext2:ppe_0839,0,3,0,1084d3fea47d3fae50ec437bd6d57033e2b31194
safety_vests_ext2_1503efacfb69.jpg,safety_vests_ext2_1503efacfb69,safety_vests_ext2,safety_vests_ext2:ppe_0842,0,3,0,1503efacfb69ed9b4eba2e7bd60aa6a0a07de87e
safety_vests_ext2_23731b0e78b9.jpg,safety_vests_ext2_23731b0e78b9,safety_vests_ext2,safety_vests_ext2:ppe_0843,0,2,0,23731b0e78b927419c2df1a96713d2fe2bc5dc62
safety_vests_ext2_63c6ebc9ad1e.jpg,safety_vests_ext2_63c6ebc9ad1e,safety_vests_ext2,safety_vests_ext2:ppe_0850,0,1,0,63c6ebc9ad1e61aefb011aff79a0af1d99334693
safety_vests_ext2_bd94fc4aea7c.jpg,safety_vests_ext2_bd94fc4aea7c,safety_vests_ext2,safety_vests_ext2:ppe_0858,0,3,0,bd94fc4aea7cde5cb912b7f864934f87b68234ee
safety_vests_ext2_6157a3852590.jpg,safety_vests_ext2_6157a3852590,safety_vests_ext2,safety_vests_ext2:ppe_0859,0,1,0,6157a3852590f589f56324f2a252cd7534b14e31
safety_vests_ext2_e63c37b54d8e.jpg,safety_vests_ext2_e63c37b54d8e,safety_vests_ext2,safety_vests_ext2:ppe_0861,0,2,0,e63c37b54d8eb375b9486ee211a070457843fd40
safety_vests_ext2_c02899fac85a.jpg,safety_vests_ext2_c02899fac85a,safety_vests_ext2,safety_vests_ext2:ppe_0862,0,7,0,c02899fac85acd00ec6f95feb2a1345a8ed0f48d
safety_vests_ext2_5a6cd7a076a4.jpg,safety_vests_ext2_5a6cd7a076a4,safety_vests_ext2,safety_vests_ext2:ppe_0868,0,1,0,5a6cd7a076a4194b82081aad8ec3d737d02a7a0f
safety_vests_ext2_3d856d6b1c05.jpg,safety_vests_ext2_3d856d6b1c05,safety_vests_ext2,safety_vests_ext2:ppe_0870,0,1,0,3d856d6b1c054ccce34e3da8b5a7749ae88760b3
safety_vests_ext2_f5acd3f6a8fc.jpg,safety_vests_ext2_f5acd3f6a8fc,safety_vests_ext2,safety_vests_ext2:ppe_0871,0,2,0,f5acd3f6a8fcc68d16b03478d6a78f60db4a06eb
safety_vests_ext2_65349ac0260a.jpg,safety_vests_ext2_65349ac0260a,safety_vests_ext2,safety_vests_ext2:ppe_0878,0,2,0,65349ac0260a21bc244856e59764774ae194c78e
safety_vests_ext2_7bc5138bee6a.jpg,safety_vests_ext2_7bc5138bee6a,safety_vests_ext2,safety_vests_ext2:ppe_0880,0,1,0,7bc5138bee6a3609151668d5c4724b37f4df5d90
safety_vests_ext2_df3f2a16c8be.jpg,safety_vests_ext2_df3f2a16c8be,safety_vests_ext2,safety_vests_ext2:ppe_0881,0,3,0,df3f2a16c8be7c9a33fca4343a900ec14fee9c24
safety_vests_ext2_037bff506933.jpg,safety_vests_ext2_037bff506933,safety_vests_ext2,safety_vests_ext2:ppe_0882,0,1,0,037bff506933ffb4816401dca294cc92f3e78289
safety_vests_ext2_775be90c88eb.jpg,safety_vests_ext2_775be90c88eb,safety_vests_ext2,safety_vests_ext2:ppe_0888,0,5,0,775be90c88eb951ad7f86415f9754ddbb730e33b
safety_vests_ext2_95f8408a991c.jpg,safety_vests_ext2_95f8408a991c,safety_vests_ext2,safety_vests_ext2:ppe_0897,0,2,0,95f8408a991c73054d3a0a5b15c4bbad2646fc5c
safety_vests_ext2_b04fcbae4eb3.jpg,safety_vests_ext2_b04fcbae4eb3,safety_vests_ext2,safety_vests_ext2:ppe_0899,0,1,0,b04fcbae4eb3d0a6db2484041c8abf0092992102
safety_vests_ext2_d13d495f2e8c.jpg,safety_vests_ext2_d13d495f2e8c,safety_vests_ext2,safety_vests_ext2:ppe_0901,0,2,0,d13d495f2e8cb29caf9e87855299b88e948e805b
safety_vests_ext2_5e9282b0c779.jpg,safety_vests_ext2_5e9282b0c779,safety_vests_ext2,safety_vests_ext2:ppe_0905,0,2,0,5e9282b0c77971f7334ca153f729b16dc19ed406
safety_vests_ext2_fb6f2301d20a.jpg,safety_vests_ext2_fb6f2301d20a,safety_vests_ext2,safety_vests_ext2:ppe_0906,0,1,0,fb6f2301d20ae4cbd7840e4ae9c306c8d10f63e9
safety_vests_ext2_b6ae0c63e88a.jpg,safety_vests_ext2_b6ae0c63e88a,safety_vests_ext2,safety_vests_ext2:ppe_0908,0,3,0,b6ae0c63e88a1150ef05e7b3f3e04c8e78b4399f
safety_vests_ext2_c664ed386ca3.jpg,safety_vests_ext2_c664ed386ca3,safety_vests_ext2,safety_vests_ext2:ppe_0913,0,2,0,c664ed386ca31ab706436b08cf359f1eec1bee00
safety_vests_ext2_0ab922ed2cb1.jpg,safety_vests_ext2_0ab922ed2cb1,safety_vests_ext2,safety_vests_ext2:ppe_0916,0,2,0,0ab922ed2cb1f9bcd955d6befe3a0580d00a048f
safety_vests_ext2_9ae38d2f5010.jpg,safety_vests_ext2_9ae38d2f5010,safety_vests_ext2,safety_vests_ext2:ppe_0917,0,3,0,9ae38d2f50102859b2e1d5f4768662c58e7b9298
safety_vests_ext2_6b5ed6c4bd3a.jpg,safety_vests_ext2_6b5ed6c4bd3a,safety_vests_ext2,safety_vests_ext2:ppe_0920,0,1,0,6b5ed6c4bd3a61bfe0cdca2facc78d0eb0f133e0
safety_vests_ext2_f1d2b872260f.jpg,safety_vests_ext2_f1d2b872260f,safety_vests_ext2,safety_vests_ext2:ppe_0921,0,4,0,f1d2b872260f67df568bebf12d7017a47bce8ff5
safety_vests_ext2_2e212f495783.jpg,safety_vests_ext2_2e212f495783,safety_vests_ext2,safety_vests_ext2:ppe_0922,0,2,0,2e212f4957831a0815be3e3e1e72390737f38163
safety_vests_ext2_182ee92b2bb4.jpg,safety_vests_ext2_182ee92b2bb4,safety_vests_ext2,safety_vests_ext2:ppe_0927,0,2,0,182ee92b2bb4d144e92e97348ba6090c240cab55
safety_vests_ext2_bf8c32ff3340.jpg,safety_vests_ext2_bf8c32ff3340,safety_vests_ext2,safety_vests_ext2:ppe_0929,0,3,0,bf8c32ff3340a8f222dc6c54e78f5dd0ad2b2f3d
safety_vests_ext2_4a6002e3355a.jpg,safety_vests_ext2_4a6002e3355a,safety_vests_ext2,safety_vests_ext2:ppe_0934,0,2,0,4a6002e3355a8452dd05879274a8b5a3b97ab0a2
safety_vests_ext2_30613fcd3ccc.jpg,safety_vests_ext2_30613fcd3ccc,safety_vests_ext2,safety_vests_ext2:ppe_0935,0,4,0,30613fcd3ccc9c8c6bba43d468fefca348ec4ace
safety_vests_ext2_004a5e56ae7f.jpg,safety_vests_ext2_004a5e56ae7f,safety_vests_ext2,safety_vests_ext2:ppe_0936,0,2,0,004a5e56ae7fe4c15b5cbe25bdfe8e8241b9276b
safety_vests_ext2_97c4289b91ac.jpg,safety_vests_ext2_97c4289b91ac,safety_vests_ext2,safety_vests_ext2:ppe_0938,0,2,0,97c4289b91aca57a498d210b4586317a91fe5a0d
safety_vests_ext2_43e4c0014673.jpg,safety_vests_ext2_43e4c0014673,safety_vests_ext2,safety_vests_ext2:ppe_0942,0,2,0,43e4c0014673d50adb9ec1f0d2350c2d6a729ed6
safety_vests_ext2_7c767a423d58.jpg,safety_vests_ext2_7c767a423d58,safety_vests_ext2,safety_vests_ext2:ppe_0943,0,3,0,7c767a423d58244b06c0dfd17fc07a622c4ddb73
safety_vests_ext2_cadc2e8b93fc.jpg,safety_vests_ext2_cadc2e8b93fc,safety_vests_ext2,safety_vests_ext2:ppe_0945,0,2,0,cadc2e8b93fc309f37d73037c551b095a93c7a3b
safety_vests_ext2_2623e4b8bdd8.jpg,safety_vests_ext2_2623e4b8bdd8,safety_vests_ext2,safety_vests_ext2:ppe_0952,0,2,0,2623e4b8bdd81cfedbf5fe77496c07cb8196e408
safety_vests_ext2_ae8d65176b94.jpg,safety_vests_ext2_ae8d65176b94,safety_vests_ext2,safety_vests_ext2:ppe_0954,0,3,0,ae8d65176b94a1295afe65a043fca55c9be8919d
safety_vests_ext2_5da3802acb3f.jpg,safety_vests_ext2_5da3802acb3f,safety_vests_ext2,safety_vests_ext2:ppe_0972,0,1,0,5da3802acb3f8d48830ad37fc86249c877e6f33d
safety_vests_ext2_6ee1e2a24b6d.jpg,safety_vests_ext2_6ee1e2a24b6d,safety_vests_ext2,safety_vests_ext2:ppe_0974,0,1,0,6ee1e2a24b6d22f137d3f0872b2b8d03ac78ffe6
safety_vests_ext2_cc75c88a6711.jpg,safety_vests_ext2_cc75c88a6711,safety_vests_ext2,safety_vests_ext2:ppe_0983,0,4,0,cc75c88a67115a15a58ca3e70d33c6c62d4a2d5c
safety_vests_ext2_f19b1ac530af.jpg,safety_vests_ext2_f19b1ac530af,safety_vests_ext2,safety_vests_ext2:ppe_0985,0,3,0,f19b1ac530afb6df2d9d375eed75e77ce71f14c5
safety_vests_ext2_cd1d9ce08041.jpg,safety_vests_ext2_cd1d9ce08041,safety_vests_ext2,safety_vests_ext2:ppe_0986,0,1,0,cd1d9ce08041d2003aa2305803dc55b845907dfc
safety_vests_ext2_99bf7d378eb4.jpg,safety_vests_ext2_99bf7d378eb4,safety_vests_ext2,safety_vests_ext2:ppe_0991,0,3,0,99bf7d378eb45196482722e6aacee62abe6417a4
safety_vests_ext2_8919184c6caf.jpg,safety_vests_ext2_8919184c6caf,safety_vests_ext2,safety_vests_ext2:ppe_0995,0,1,0,8919184c6caf3661f2994e037cb6471b9ca657cb
safety_vests_ext2_184e8a7d7098.jpg,safety_vests_ext2_184e8a7d7098,safety_vests_ext2,safety_vests_ext2:ppe_1000,0,4,0,184e8a7d7098c324a7baf084b4512675a4ac8f21
safety_vests_ext2_e94b55911aed.jpg,safety_vests_ext2_e94b55911aed,safety_vests_ext2,safety_vests_ext2:ppe_1007,0,1,0,e94b55911aed42927fada8109559b0ea1927e4f2
safety_vests_ext2_2f704c4961c4.jpg,safety_vests_ext2_2f704c4961c4,safety_vests_ext2,safety_vests_ext2:ppe_1010,0,4,0,2f704c4961c46913fd0a2e1ed732088f5bce1a0c
safety_vests_ext2_9e2d78266d79.jpg,safety_vests_ext2_9e2d78266d79,safety_vests_ext2,safety_vests_ext2:ppe_1014,0,2,0,9e2d78266d79eaa55392e19abdab66c45ac4607a
safety_vests_ext2_7cc85493d10b.jpg,safety_vests_ext2_7cc85493d10b,safety_vests_ext2,safety_vests_ext2:ppe_1018,0,1,0,7cc85493d10bbd8e39f6a643c4bcd5ed1ddc8e9e
safety_vests_ext2_d123423b2340.jpg,safety_vests_ext2_d123423b2340,safety_vests_ext2,safety_vests_ext2:ppe_1024,0,7,0,d123423b23409360d672d4d356f30f32b36c6161
safety_vests_ext2_df5dfa21991f.jpg,safety_vests_ext2_df5dfa21991f,safety_vests_ext2,safety_vests_ext2:ppe_1029,0,1,0,df5dfa21991fea82add86de3663413154e502a40
safety_vests_ext2_40b09416a01c.jpg,safety_vests_ext2_40b09416a01c,safety_vests_ext2,safety_vests_ext2:ppe_1030,0,1,0,40b09416a01cee04e0bc36254a16c1d118d73850
safety_vests_ext2_c7ecb0c24883.jpg,safety_vests_ext2_c7ecb0c24883,safety_vests_ext2,safety_vests_ext2:ppe_1031,0,2,0,c7ecb0c24883060e93ea5871a05fbe1b5101eb8b
safety_vests_ext2_98e512b01735.jpg,safety_vests_ext2_98e512b01735,safety_vests_ext2,safety_vests_ext2:ppe_1034,0,2,0,98e512b017355bc42b8ade0beceae77e6dbfb623
safety_vests_ext2_1d2022855165.jpg,safety_vests_ext2_1d2022855165,safety_vests_ext2,safety_vests_ext2:ppe_1042,0,1,0,1d202285516523856e93189dc1e659038a0bcf8d
safety_vests_ext2_0086406c2bfd.jpg,safety_vests_ext2_0086406c2bfd,safety_vests_ext2,safety_vests_ext2:ppe_1044,0,1,0,0086406c2bfdcde9c2e8e16839728e18fc9641ae
safety_vests_ext2_30bda116fabe.jpg,safety_vests_ext2_30bda116fabe,safety_vests_ext2,safety_vests_ext2:ppe_1045,0,1,0,30bda116fabe2bc8a95dce25ec59dbc63367799e
safety_vests_ext2_dcd26cdfe998.jpg,safety_vests_ext2_dcd26cdfe998,safety_vests_ext2,safety_vests_ext2:ppe_1053,0,2,0,dcd26cdfe998fc2be2ee82e1ee5a001e92a30fa3
safety_vests_ext2_89c2011f5acf.jpg,safety_vests_ext2_89c2011f5acf,safety_vests_ext2,safety_vests_ext2:ppe_1054,0,1,0,89c2011f5acf4dd5eb108946ea455d8a75546f91
safety_vests_ext2_916cb5c4c282.jpg,safety_vests_ext2_916cb5c4c282,safety_vests_ext2,safety_vests_ext2:ppe_1057,0,1,0,916cb5c4c2822f3d337d524c8343a7fed22f094f
safety_vests_ext2_7bea9b2b9603.jpg,safety_vests_ext2_7bea9b2b9603,safety_vests_ext2,safety_vests_ext2:ppe_1058,0,1,0,7bea9b2b9603c3315a43af9265d5afc63332bb9d
safety_vests_ext2_97706099e296.jpg,safety_vests_ext2_97706099e296,safety_vests_ext2,safety_vests_ext2:ppe_1067,0,2,0,97706099e296fd9afe8df3a411bf0c9ccfd84854
safety_vests_ext2_053857c4019e.jpg,safety_vests_ext2_053857c4019e,safety_vests_ext2,safety_vests_ext2:ppe_1068,0,1,0,053857c4019ec505396087b5afd1287bc7276e83
safety_vests_ext2_8aeb2caa52d4.jpg,safety_vests_ext2_8aeb2caa52d4,safety_vests_ext2,safety_vests_ext2:ppe_1070,0,2,0,8aeb2caa52d4105dee48ead943abecc7c01983b4
safety_vests_ext2_5fdcd21492b7.jpg,safety_vests_ext2_5fdcd21492b7,safety_vests_ext2,safety_vests_ext2:ppe_1071,0,6,0,5fdcd21492b73e9b0e7a0ef8f321864643563a90
safety_vests_ext2_82c980743696.jpg,safety_vests_ext2_82c980743696,safety_vests_ext2,safety_vests_ext2:ppe_1075,0,5,0,82c9807436966545abc5c7fa226946c7b1bdda8e
safety_vests_ext2_d2c8523b6ccb.jpg,safety_vests_ext2_d2c8523b6ccb,safety_vests_ext2,safety_vests_ext2:ppe_1077,0,5,0,d2c8523b6ccbb881ceacf9955c1ffc6108e184e0
safety_vests_ext2_309f9a9ff290.jpg,safety_vests_ext2_309f9a9ff290,safety_vests_ext2,safety_vests_ext2:ppe_1085,0,1,0,309f9a9ff29083680433e09d164f184bd941e473
safety_vests_ext2_2d05e9f3f5a4.jpg,safety_vests_ext2_2d05e9f3f5a4,safety_vests_ext2,safety_vests_ext2:ppe_1086,0,1,0,2d05e9f3f5a42c6781520f7369b9105cb485cd2b
safety_vests_ext2_353aa592c897.jpg,safety_vests_ext2_353aa592c897,safety_vests_ext2,safety_vests_ext2:ppe_1099,0,1,0,353aa592c8972864184dcdc740b3983097471fb5
safety_vests_ext2_1b3a4ac1976f.jpg,safety_vests_ext2_1b3a4ac1976f,safety_vests_ext2,safety_vests_ext2:ppe_1102,0,1,0,1b3a4ac1976f67974d9ca54396feaacb78dc5261
safety_vests_ext2_52ca8385c2b1.jpg,safety_vests_ext2_52ca8385c2b1,safety_vests_ext2,safety_vests_ext2:ppe_1105,0,1,0,52ca8385c2b1b3065202bc038e43d74bd81977ab
safety_vests_ext2_c6c09a59432f.jpg,safety_vests_ext2_c6c09a59432f,safety_vests_ext2,safety_vests_ext2:ppe_1107,0,2,0,c6c09a59432f3b34b04f684578c80060e63bcf22
safety_vests_ext2_4f83dbeead97.jpg,safety_vests_ext2_4f83dbeead97,safety_vests_ext2,safety_vests_ext2:ppe_1115,0,1,0,4f83dbeead9760fdf06dabf51a607043c812c796
safety_vests_ext2_ba17e12f7e3d.jpg,safety_vests_ext2_ba17e12f7e3d,safety_vests_ext2,safety_vests_ext2:ppe_1122,0,2,0,ba17e12f7e3d2cb37d405adc94936db2ace290ff
safety_vests_ext2_7e8cb21e7626.jpg,safety_vests_ext2_7e8cb21e7626,safety_vests_ext2,safety_vests_ext2:ppe_1127,0,2,0,7e8cb21e76268608e76167659c494c0cb1b76def
safety_vests_ext2_22bf14a28324.jpg,safety_vests_ext2_22bf14a28324,safety_vests_ext2,safety_vests_ext2:ppe_1129,0,3,0,22bf14a283248118913217abfc293c1ff701ba0f
safety_vests_ext2_a6991b8eda22.jpg,safety_vests_ext2_a6991b8eda22,safety_vests_ext2,safety_vests_ext2:ppe_1139,0,2,0,a6991b8eda2285baffb6b6891701ad0f803b21ec
safety_vests_ext2_421f05e0f6a6.jpg,safety_vests_ext2_421f05e0f6a6,safety_vests_ext2,safety_vests_ext2:ppe_1143,0,2,0,421f05e0f6a613535eab5eb471af93455b4c0e2e
safety_vests_ext2_3a9ae9b43da0.jpg,safety_vests_ext2_3a9ae9b43da0,safety_vests_ext2,safety_vests_ext2:ppe_1148,0,1,0,3a9ae9b43da0d128546992252227933f376e8e04
safety_vests_ext2_4c61dccf5ac1.jpg,safety_vests_ext2_4c61dccf5ac1,safety_vests_ext2,safety_vests_ext2:ppe_1149,0,1,0,4c61dccf5ac1f86c1afa11587109838e52662ed5
safety_vests_ext2_7dc3410dc107.jpg,safety_vests_ext2_7dc3410dc107,safety_vests_ext2,safety_vests_ext2:ppe_1156,0,3,0,7dc3410dc1073cfa4ff3aac8414d673f64dbb059
safety_vests_ext2_c8b8acb05f09.jpg,safety_vests_ext2_c8b8acb05f09,safety_vests_ext2,safety_vests_ext2:ppe_1157,0,1,0,c8b8acb05f097a21f2f698163e9ba8f02bb4b3b4
safety_vests_ext2_69ffc242b91a.jpg,safety_vests_ext2_69ffc242b91a,safety_vests_ext2,safety_vests_ext2:ppe_1170,0,1,0,69ffc242b91a2fe6f2a1d104808d74374ad4e0b0
safety_vests_ext2_1f5423cae714.jpg,safety_vests_ext2_1f5423cae714,safety_vests_ext2,safety_vests_ext2:ppe_1171,0,2,0,1f5423cae71484a8a6dd2afa1d2fc8d9ea2e83eb
safety_vests_ext2_c2929e36d651.jpg,safety_vests_ext2_c2929e36d651,safety_vests_ext2,safety_vests_ext2:ppe_1175,0,1,0,c2929e36d65151f8fab25e4c7a1d5157eb17785d
safety_vests_ext2_2a0b7555b4cf.jpg,safety_vests_ext2_2a0b7555b4cf,safety_vests_ext2,safety_vests_ext2:ppe_1184,0,2,0,2a0b7555b4cf94a82a769e9795f1c9baa5c03ac3
safety_vests_ext2_935c8d5f8bd4.jpg,safety_vests_ext2_935c8d5f8bd4,safety_vests_ext2,safety_vests_ext2:ppe_1185,0,1,0,935c8d5f8bd40267b2fa51f45160efa9783df378
safety_vests_ext2_9b171325a00a.jpg,safety_vests_ext2_9b171325a00a,safety_vests_ext2,safety_vests_ext2:ppe_1196,0,1,0,9b171325a00a72557987f3915d4f106454faebf5
safety_vests_ext2_c6e33c32e4da.jpg,safety_vests_ext2_c6e33c32e4da,safety_vests_ext2,safety_vests_ext2:ppe_1197,0,3,0,c6e33c32e4da494f5fd2a43a36d742d4fc057f8f
safety_vests_ext2_5905d7fcbfb7.jpg,safety_vests_ext2_5905d7fcbfb7,safety_vests_ext2,safety_vests_ext2:ppe_1203,0,2,0,5905d7fcbfb717047e962ca64fe10f40a1dba400
safety_vests_ext2_1ffc7f581853.jpg,safety_vests_ext2_1ffc7f581853,safety_vests_ext2,safety_vests_ext2:ppe_1206,0,1,0,1ffc7f581853a27f3b3e9a66d9c80034de92cdc3
safety_vests_ext2_55447069f632.jpg,safety_vests_ext2_55447069f632,safety_vests_ext2,safety_vests_ext2:ppe_1209,0,2,0,55447069f6320bc4e16a6c0dce60ae5c9e973c21
safety_vests_ext2_0e9c9b367317.jpg,safety_vests_ext2_0e9c9b367317,safety_vests_ext2,safety_vests_ext2:ppe_1213,0,1,0,0e9c9b3673174f0615e8df91d2a05668ddaaab4f
safety_vests_ext2_7efa17303506.jpg,safety_vests_ext2_7efa17303506,safety_vests_ext2,safety_vests_ext2:ppe_1214,0,1,0,7efa17303506808ac60dbefd2846e19be7873007
safety_vests_ext2_067f3fafd2d2.jpg,safety_vests_ext2_067f3fafd2d2,safety_vests_ext2,safety_vests_ext2:ppe_1217,0,1,0,067f3fafd2d23f0d02c32fef350914f75929b994
safety_vests_ext2_06f648f3ac6d.jpg,safety_vests_ext2_06f648f3ac6d,safety_vests_ext2,safety_vests_ext2:ppe_1219,0,1,0,06f648f3ac6df7e710dde298cd1374cf73e6c75e
safety_vests_ext2_7ea5bc3cf06c.jpg,safety_vests_ext2_7ea5bc3cf06c,safety_vests_ext2,safety_vests_ext2:ppe_1229,0,3,0,7ea5bc3cf06cbd12364caa739b7daa9db59a60dc
safety_vests_ext2_23ddb34efcaf.jpg,safety_vests_ext2_23ddb34efcaf,safety_vests_ext2,safety_vests_ext2:ppe_1230,0,4,0,23ddb34efcaf267ce49020f2b81bdfba0702fe66
safety_vests_ext2_e0da43bbc02e.jpg,safety_vests_ext2_e0da43bbc02e,safety_vests_ext2,safety_vests_ext2:ppe_1236,0,3,0,e0da43bbc02e28cc35a8f5405145bc4c6227bfaf
safety_vests_ext2_279e491528c8.jpg,safety_vests_ext2_279e491528c8,safety_vests_ext2,safety_vests_ext2:ppe_1239,0,3,0,279e491528c8bb4dd79e1766a14606a55d5a61da
safety_vests_ext2_46aae398eb39.jpg,safety_vests_ext2_46aae398eb39,safety_vests_ext2,safety_vests_ext2:ppe_1252,0,5,0,46aae398eb39e7df91eeeed6dce5b4bf900b7e45
safety_vests_ext2_95ce24657ccd.jpg,safety_vests_ext2_95ce24657ccd,safety_vests_ext2,safety_vests_ext2:ppe_1256,0,2,0,95ce24657ccddead96c053c01ffd302b6ad2d6dc
safety_vests_ext2_afbd4e97a8c6.jpg,safety_vests_ext2_afbd4e97a8c6,safety_vests_ext2,safety_vests_ext2:ppe_1258,0,3,0,afbd4e97a8c65f49c6f3dc14a6ea3b993bd57697
safety_vests_ext2_bae74b06a3ea.jpg,safety_vests_ext2_bae74b06a3ea,safety_vests_ext2,safety_vests_ext2:ppe_1261,0,3,0,bae74b06a3ea7800949cb3fc3e965fbdc3c85c15
safety_vests_ext2_a7c667e25534.jpg,safety_vests_ext2_a7c667e25534,safety_vests_ext2,safety_vests_ext2:ppe_1265,0,1,0,a7c667e255343d320f2daf8498cc381774529225
safety_vests_ext2_47b61645d1e7.jpg,safety_vests_ext2_47b61645d1e7,safety_vests_ext2,safety_vests_ext2:ppe_1266,0,1,0,47b61645d1e7ee4ab1943df2ffbf1a0eb09d9b37
safety_vests_ext2_23298b0388ac.jpg,safety_vests_ext2_23298b0388ac,safety_vests_ext2,safety_vests_ext2:ppe_1268,0,1,0,23298b0388acf3253d037f5fcd46fac03b93ff80
safety_vests_ext2_9d1bd13b3209.jpg,safety_vests_ext2_9d1bd13b3209,safety_vests_ext2,safety_vests_ext2:ppe_1282,0,1,0,9d1bd13b32096c6436e9b978696de55a61323241
safety_vests_ext2_0cd475a686d0.jpg,safety_vests_ext2_0cd475a686d0,safety_vests_ext2,safety_vests_ext2:ppe_1283,0,1,0,0cd475a686d0929108a497645880388aa4807dcf
safety_vests_ext2_8b65d839fcfd.jpg,safety_vests_ext2_8b65d839fcfd,safety_vests_ext2,safety_vests_ext2:ppe_1286,0,1,0,8b65d839fcfd5a7c6edfbfc7a324b5a5af4f79b9
safety_vests_ext2_c9f22894d840.jpg,safety_vests_ext2_c9f22894d840,safety_vests_ext2,safety_vests_ext2:ppe_1287,0,1,0,c9f22894d840add57306d277fcd011fcbfbd949d
safety_vests_ext2_ef90afa2a9ab.jpg,safety_vests_ext2_ef90afa2a9ab,safety_vests_ext2,safety_vests_ext2:ppe_1291,0,1,0,ef90afa2a9ab0e23d147167abdf75f600e9d3fc6
safety_vests_ext2_a1595e28b31a.jpg,safety_vests_ext2_a1595e28b31a,safety_vests_ext2,safety_vests_ext2:ppe_1299,0,3,0,a1595e28b31af98f6a943736c6656f57a53b2eff
safety_vests_ext2_de6b6598498e.jpg,safety_vests_ext2_de6b6598498e,safety_vests_ext2,safety_vests_ext2:ppe_1302,0,2,0,de6b6598498e52ae07e87fbd5e46993b653c7a4e
safety_vests_ext2_1a35b5adb8ff.jpg,safety_vests_ext2_1a35b5adb8ff,safety_vests_ext2,safety_vests_ext2:ppe_1319,0,2,0,1a35b5adb8ff0f2e4c44f0ec9bf3a105e38272e9
safety_vests_ext2_c2fd30cd3d61.jpg,safety_vests_ext2_c2fd30cd3d61,safety_vests_ext2,safety_vests_ext2:ppe_1322,0,3,0,c2fd30cd3d61ce48b58bdc576ddc063a2f5edffd
safety_vests_ext2_d30e21f4b825.jpg,safety_vests_ext2_d30e21f4b825,safety_vests_ext2,safety_vests_ext2:ppe_1323,0,1,0,d30e21f4b8253b2caf3df51ee18e025f84c88850
safety_vests_ext2_9d1a8ebb46ab.jpg,safety_vests_ext2_9d1a8ebb46ab,safety_vests_ext2,safety_vests_ext2:ppe_1325,0,3,0,9d1a8ebb46ab7371f2add415036c0c93c0745564
safety_vests_ext2_c136b9bb959c.jpg,safety_vests_ext2_c136b9bb959c,safety_vests_ext2,safety_vests_ext2:ppe_1327,0,5,0,c136b9bb959cd742dca8a10d0cd98dc228d52443
safety_vests_ext2_d6d84f1b7e2d.jpg,safety_vests_ext2_d6d84f1b7e2d,safety_vests_ext2,safety_vests_ext2:road_construction_asphalt_work_machinery_street_site_workers-743811,0,1,0,d6d84f1b7e2d995988e9ad9bf94c89decdd7f7d2
safety_vests_ext2_02eee39995e1.jpg,safety_vests_ext2_02eee39995e1,safety_vests_ext2,safety_vests_ext2:road_construction_construction_workers_teers_ge_renovation_rehabilitation_workwear_safety_clothing_helm-1012613,0,4,0,02eee39995e14bf57796fcc69b6d2c62ed1db82e
safety_vests_ext2_68d29bb068f2.jpg,safety_vests_ext2_68d29bb068f2,safety_vests_ext2,safety_vests_ext2:way_people_employees_employee_worker_workers_street_repairing-799972,0,1,0,68d29bb068f20ad6a0f4fe75716c1f409fa1ed7a
safety_vests_ext2_f31737666f84.jpg,safety_vests_ext2_f31737666f84,safety_vests_ext2,safety_vests_ext2:worker_masonry_concrete_stones-750772,0,1,0,f31737666f84ebfce1e14818a0da25c927ba679c
safety_vests_ext2_37e411d7028e.jpg,safety_vests_ext2_37e411d7028e,safety_vests_ext2,safety_vests_ext2:pos_280,0,1,0,37e411d7028e07fd9d4c546f8ac041dae10843fb
safety_vests_ext2_49681c70f782.jpg,safety_vests_ext2_49681c70f782,safety_vests_ext2,safety_vests_ext2:pos_285,0,1,0,49681c70f78245d999906c6298c255e3d76c8ea7
safety_vests_ext2_413ec6957394.jpg,safety_vests_ext2_413ec6957394,safety_vests_ext2,safety_vests_ext2:pos_29,0,1,0,413ec6957394847ee947c8d0d3c8edbd556e36f5
safety_vests_ext2_ca27ab9e4839.jpg,safety_vests_ext2_ca27ab9e4839,safety_vests_ext2,safety_vests_ext2:pos_311,0,1,0,ca27ab9e4839126ee9a67bc575c815960c0455b5
safety_vests_ext2_adc94bf3f73d.jpg,safety_vests_ext2_adc94bf3f73d,safety_vests_ext2,safety_vests_ext2:pos_315,0,1,0,adc94bf3f73d1748aafc86fa6faf4ca5a6de8d83
safety_vests_ext2_7372b8bc1e48.jpg,safety_vests_ext2_7372b8bc1e48,safety_vests_ext2,safety_vests_ext2:pos_317,0,1,0,7372b8bc1e48bcc16471efc3e811d6c38294998b
safety_vests_ext2_bc0112021e10.jpg,safety_vests_ext2_bc0112021e10,safety_vests_ext2,safety_vests_ext2:pos_326,0,1,0,bc0112021e1067a4da4bc82725e9ef840fca743c
safety_vests_ext2_72050d789778.jpg,safety_vests_ext2_72050d789778,safety_vests_ext2,safety_vests_ext2:pos_329,0,2,0,72050d7897784817d451006b14d89752c37c7a8a
safety_vests_ext2_994d6236d862.jpg,safety_vests_ext2_994d6236d862,safety_vests_ext2,safety_vests_ext2:pos_333,0,3,0,994d6236d862d2ff1fda1a1b59919e96fabbc2e7
safety_vests_ext2_e58deeda4e10.jpg,safety_vests_ext2_e58deeda4e10,safety_vests_ext2,safety_vests_ext2:pos_341,0,1,0,e58deeda4e10e1afc11e579ffde831711e1117f9
safety_vests_ext2_01d99bcf83f6.jpg,safety_vests_ext2_01d99bcf83f6,safety_vests_ext2,safety_vests_ext2:pos_342,0,1,0,01d99bcf83f6fc6073da7f3590381fcfb6c3257d
safety_vests_ext2_7903866c7b21.jpg,safety_vests_ext2_7903866c7b21,safety_vests_ext2,safety_vests_ext2:pos_343,0,1,0,7903866c7b2175fd627cfc0cc438de9bcf09f459
safety_vests_ext2_9a120bc6d6a2.jpg,safety_vests_ext2_9a120bc6d6a2,safety_vests_ext2,safety_vests_ext2:pos_345,0,2,0,9a120bc6d6a2828948c4a24da9b4d0cc616cfb30
safety_vests_ext2_24ef56eab502.jpg,safety_vests_ext2_24ef56eab502,safety_vests_ext2,safety_vests_ext2:pos_34,0,3,0,24ef56eab502646e5e296add252a5b20bab8edd5
safety_vests_ext2_939787af4d9c.jpg,safety_vests_ext2_939787af4d9c,safety_vests_ext2,safety_vests_ext2:pos_357,0,1,0,939787af4d9c68b2577a44ad8e4c1d7da58908ba
safety_vests_ext2_9d3d64eb1082.jpg,safety_vests_ext2_9d3d64eb1082,safety_vests_ext2,safety_vests_ext2:pos_359,0,1,0,9d3d64eb10824666da48ec4dde41c3a5459ee270
safety_vests_ext2_382bed7c38cd.jpg,safety_vests_ext2_382bed7c38cd,safety_vests_ext2,safety_vests_ext2:pos_364,0,1,0,382bed7c38cdf255cd606150b0ad802a1c740a7d
safety_vests_ext2_ebfedfd9ef83.jpg,safety_vests_ext2_ebfedfd9ef83,safety_vests_ext2,safety_vests_ext2:pos_379,0,2,0,ebfedfd9ef831ef923c0034c97284cb4befe673f
safety_vests_ext2_b173f16240d0.jpg,safety_vests_ext2_b173f16240d0,safety_vests_ext2,safety_vests_ext2:pos_383,0,1,0,b173f16240d003b6f6f455f338353714c89fd719
safety_vests_ext2_3cf070d656a3.jpg,safety_vests_ext2_3cf070d656a3,safety_vests_ext2,safety_vests_ext2:pos_393,0,1,0,3cf070d656a3b9591895f95a271a392a9fd23f1b
safety_vests_ext2_247ec869c6a9.jpg,safety_vests_ext2_247ec869c6a9,safety_vests_ext2,safety_vests_ext2:pos_401,0,1,0,247ec869c6a9ac8dc7ba5663699a038148da96e5
safety_vests_ext2_a8848ed761bd.jpg,safety_vests_ext2_a8848ed761bd,safety_vests_ext2,safety_vests_ext2:pos_412,0,1,0,a8848ed761bd969c98676bf5f7f9a338321302fa
safety_vests_ext2_9acefb5d889b.jpg,safety_vests_ext2_9acefb5d889b,safety_vests_ext2,safety_vests_ext2:pos_419,0,2,0,9acefb5d889b2199893a7cbc326d2799aa1ce8e7
safety_vests_ext2_026bbeb1db2b.jpg,safety_vests_ext2_026bbeb1db2b,safety_vests_ext2,safety_vests_ext2:pos_425,0,2,0,026bbeb1db2b1cc4290c7d20c600aebfafbb426c
safety_vests_ext2_599977165170.jpg,safety_vests_ext2_599977165170,safety_vests_ext2,safety_vests_ext2:pos_426,0,2,0,599977165170fa694804d6d7bc0f1ba1a7bca1f3
safety_vests_ext2_ff6a0af942eb.jpg,safety_vests_ext2_ff6a0af942eb,safety_vests_ext2,safety_vests_ext2:pos_436,0,1,0,ff6a0af942eb5256306eb837231ffa2423ab8afe
safety_vests_ext2_f05b4ba52f75.jpg,safety_vests_ext2_f05b4ba52f75,safety_vests_ext2,safety_vests_ext2:pos_440,0,1,0,f05b4ba52f7502cf53b13c94ff599f2285a4e440
safety_vests_ext2_43a6860a47a7.jpg,safety_vests_ext2_43a6860a47a7,safety_vests_ext2,safety_vests_ext2:pos_455,0,1,0,43a6860a47a7d0d20b4b69e546ad92fb4c69da9b
safety_vests_ext2_83e9001e9908.jpg,safety_vests_ext2_83e9001e9908,safety_vests_ext2,safety_vests_ext2:pos_463,0,1,0,83e9001e9908b52592574a7315ecbbb2a48232d1
safety_vests_ext2_b672074a2301.jpg,safety_vests_ext2_b672074a2301,safety_vests_ext2,safety_vests_ext2:pos_464,0,1,0,b672074a23016de6f330b3ae0ae7fb9bb1a86d77
safety_vests_ext2_dc1391d8c423.jpg,safety_vests_ext2_dc1391d8c423,safety_vests_ext2,safety_vests_ext2:pos_475,0,2,0,dc1391d8c4239861edea6cf58863d6bab24fa434
safety_vests_ext2_1cf6828f720d.jpg,safety_vests_ext2_1cf6828f720d,safety_vests_ext2,safety_vests_ext2:pos_497,0,1,0,1cf6828f720d9be202e99e94ae07f12850d457f5
safety_vests_ext2_d63cbb73412c.jpg,safety_vests_ext2_d63cbb73412c,safety_vests_ext2,safety_vests_ext2:pos_500,0,1,0,d63cbb73412cf2387d0a02b98ad9e24c36e877a2
safety_vests_ext2_b832ca55654f.jpg,safety_vests_ext2_b832ca55654f,safety_vests_ext2,safety_vests_ext2:pos_503,0,1,0,b832ca55654f3a0ded5c5e337cf156b94213bb9f
safety_vests_ext2_3d4bd2009d9d.jpg,safety_vests_ext2_3d4bd2009d9d,safety_vests_ext2,safety_vests_ext2:pos_506,0,1,0,3d4bd2009d9d226ef29c2a2f7c094b91e021ce80
safety_vests_ext2_96fefb0ee5d8.jpg,safety_vests_ext2_96fefb0ee5d8,safety_vests_ext2,safety_vests_ext2:pos_525,0,2,0,96fefb0ee5d8600814e873769f33d6410dc30198
safety_vests_ext2_31aef96b80d9.jpg,safety_vests_ext2_31aef96b80d9,safety_vests_ext2,safety_vests_ext2:pos_536,0,2,0,31aef96b80d9e0fee210fcf4837c16fc9c8ee176
safety_vests_ext2_b3a9ed6d87a9.jpg,safety_vests_ext2_b3a9ed6d87a9,safety_vests_ext2,safety_vests_ext2:pos_538,0,1,0,b3a9ed6d87a98e385fbed9ad09a845fd12af1eba
safety_vests_ext2_22a2be78199c.jpg,safety_vests_ext2_22a2be78199c,safety_vests_ext2,safety_vests_ext2:pos_53,0,1,0,22a2be78199c532887ba86582dc8b6ab2377c96d
safety_vests_ext2_0d42a6d09283.jpg,safety_vests_ext2_0d42a6d09283,safety_vests_ext2,safety_vests_ext2:pos_549,0,1,0,0d42a6d09283a09fedd40c089984d343f68f82cc
safety_vests_ext2_e3b974fb5fdb.jpg,safety_vests_ext2_e3b974fb5fdb,safety_vests_ext2,safety_vests_ext2:pos_54,0,3,0,e3b974fb5fdbb7d16f27dc817304ef5e0003b1b0
safety_vests_ext2_cfd7adb9be6e.jpg,safety_vests_ext2_cfd7adb9be6e,safety_vests_ext2,safety_vests_ext2:pos_556,0,4,0,cfd7adb9be6e1daa890e14d96530919f8b3c2d9a
safety_vests_ext2_3d701ea62ac6.jpg,safety_vests_ext2_3d701ea62ac6,safety_vests_ext2,safety_vests_ext2:pos_558,0,1,0,3d701ea62ac6b9b5612e86b831514466c5397308
safety_vests_ext2_20bc6775a239.jpg,safety_vests_ext2_20bc6775a239,safety_vests_ext2,safety_vests_ext2:pos_574,0,1,0,20bc6775a2398d20e9ae9d81aacdb0f36f38f7f8
safety_vests_ext2_a9f66852a41e.jpg,safety_vests_ext2_a9f66852a41e,safety_vests_ext2,safety_vests_ext2:pos_579,0,1,0,a9f66852a41e88146390c66dc6d321844d0ab5b6
safety_vests_ext2_14692841f431.jpg,safety_vests_ext2_14692841f431,safety_vests_ext2,safety_vests_ext2:pos_600,0,1,0,14692841f4318bea036d9f579db1186f288b1938
safety_vests_ext2_e68c1b9fcbf3.jpg,safety_vests_ext2_e68c1b9fcbf3,safety_vests_ext2,safety_vests_ext2:pos_601,0,1,0,e68c1b9fcbf3b1b376fb8431bbcaf39bb1aa24ff
safety_vests_ext2_97c05e9df0f2.jpg,safety_vests_ext2_97c05e9df0f2,safety_vests_ext2,safety_vests_ext2:pos_606,0,1,0,97c05e9df0f2e793c6681387cd1600ac7be49751
safety_vests_ext2_60f9c0b2264b.jpg,safety_vests_ext2_60f9c0b2264b,safety_vests_ext2,safety_vests_ext2:pos_607,0,1,0,60f9c0b2264b0cdc4ed83ff2cd93d51cf9848d56
safety_vests_ext2_19ecc3db895e.jpg,safety_vests_ext2_19ecc3db895e,safety_vests_ext2,safety_vests_ext2:pos_626,0,1,0,19ecc3db895ec38a4737627fd4f28cf670ffb9fd
safety_vests_ext2_97e6c0762983.jpg,safety_vests_ext2_97e6c0762983,safety_vests_ext2,safety_vests_ext2:pos_627,0,1,0,97e6c076298370969255386afed719048f56b005
safety_vests_ext2_0d908013b2a3.jpg,safety_vests_ext2_0d908013b2a3,safety_vests_ext2,safety_vests_ext2:pos_633,0,1,0,0d908013b2a30339c51b2e716e17dc920dddc04f
safety_vests_ext2_ec384a1ec6cc.jpg,safety_vests_ext2_ec384a1ec6cc,safety_vests_ext2,safety_vests_ext2:pos_635,0,1,0,ec384a1ec6cc4d9ecb1089ee76e9e5eccc645743
safety_vests_ext2_d24f9e037553.jpg,safety_vests_ext2_d24f9e037553,safety_vests_ext2,safety_vests_ext2:pos_648,0,1,0,d24f9e0375538228a8696106bf5ff0c5a62ecc26
safety_vests_ext2_ab65f538edbd.jpg,safety_vests_ext2_ab65f538edbd,safety_vests_ext2,safety_vests_ext2:pos_651,0,1,0,ab65f538edbde00850ba4a2678ece3dc31d4b574
safety_vests_ext2_47192f994b72.jpg,safety_vests_ext2_47192f994b72,safety_vests_ext2,safety_vests_ext2:pos_653,0,1,0,47192f994b72c312e20f062e85a21fdbb1ab89d2
safety_vests_ext2_fa7d82294b9e.jpg,safety_vests_ext2_fa7d82294b9e,safety_vests_ext2,safety_vests_ext2:pos_668,0,1,0,fa7d82294b9e185f9f9ff7023b5c81621a1a08df
safety_vests_ext2_b623ee6bab0b.jpg,safety_vests_ext2_b623ee6bab0b,safety_vests_ext2,safety_vests_ext2:pos_674,0,1,0,b623ee6bab0bcd7099ce930be4ef5a5880fff97f
safety_vests_ext2_49cb71da45d7.jpg,safety_vests_ext2_49cb71da45d7,safety_vests_ext2,safety_vests_ext2:pos_677,0,1,0,49cb71da45d78a567dfa51e8f45ce94b6dea52ec
safety_vests_ext2_6eaca641a7bd.jpg,safety_vests_ext2_6eaca641a7bd,safety_vests_ext2,safety_vests_ext2:pos_679,0,3,0,6eaca641a7bd45f1932a0760678b014ce2af24c8
safety_vests_ext2_deac1f90e2ba.jpg,safety_vests_ext2_deac1f90e2ba,safety_vests_ext2,safety_vests_ext2:pos_688,0,2,0,deac1f90e2baebf3f6e39806ad0ad5cea53d481b
safety_vests_ext2_805bc26a780a.jpg,safety_vests_ext2_805bc26a780a,safety_vests_ext2,safety_vests_ext2:pos_696,0,2,0,805bc26a780a53ebf403ad69599f4ac4e7f2c736
safety_vests_ext2_7bc53ccb8495.jpg,safety_vests_ext2_7bc53ccb8495,safety_vests_ext2,safety_vests_ext2:pos_72,0,1,0,7bc53ccb8495b539940942fc757b14166bc1fc4c
safety_vests_ext2_a3c62ccd018a.jpg,safety_vests_ext2_a3c62ccd018a,safety_vests_ext2,safety_vests_ext2:pos_731,0,2,0,a3c62ccd018aed096257ac10dc529804bf4ec595
safety_vests_ext2_6bac3825ddec.jpg,safety_vests_ext2_6bac3825ddec,safety_vests_ext2,safety_vests_ext2:pos_757,0,4,0,6bac3825ddec67fc7d8e688f0e8adc94e63a1f4e
safety_vests_ext2_da6b3b5e5d54.jpg,safety_vests_ext2_da6b3b5e5d54,safety_vests_ext2,safety_vests_ext2:pos_870,0,2,0,da6b3b5e5d54c385bc9ae4cdde0e5f6d63aabe36
safety_vests_ext2_0ce6cd993dc8.jpg,safety_vests_ext2_0ce6cd993dc8,safety_vests_ext2,safety_vests_ext2:pos_91,0,1,0,0ce6cd993dc8d76ed352d7a5b59bff283c522499
safety_vests_ext2_447e19283b9c.jpg,safety_vests_ext2_447e19283b9c,safety_vests_ext2,safety_vests_ext2:pos_925,0,2,0,447e19283b9c7c38fbe9f7eb15303e0059e81eb9
safety_vests_ext2_e15e45e4c12f.jpg,safety_vests_ext2_e15e45e4c12f,safety_vests_ext2,safety_vests_ext2:pos_942,0,3,0,e15e45e4c12f792cf6dfe0304d9da8fbfabb883d
safety_vests_ext2_ea8c8f7e7e17.jpg,safety_vests_ext2_ea8c8f7e7e17,safety_vests_ext2,safety_vests_ext2:pos_969,0,2,0,ea8c8f7e7e17370505bf41989059d8748ea323d4
safety_vests_ext2_1a411d2a3650.jpg,safety_vests_ext2_1a411d2a3650,safety_vests_ext2,safety_vests_ext2:pos_972,0,1,0,1a411d2a3650229ef9ac5f1a0a6c708ff8bd062a
safety_vests_ext2_8f1185244c08.jpg,safety_vests_ext2_8f1185244c08,safety_vests_ext2,safety_vests_ext2:ppe_0020,0,1,0,8f1185244c08abea8da3ed58c3697a0df87f9d95
safety_vests_ext2_6de62b04aa62.jpg,safety_vests_ext2_6de62b04aa62,safety_vests_ext2,safety_vests_ext2:ppe_0021,0,1,0,6de62b04aa62471160d141ff8c463aa09966e0bc
safety_vests_ext2_60b923203f4d.jpg,safety_vests_ext2_60b923203f4d,safety_vests_ext2,safety_vests_ext2:ppe_0025,0,4,0,60b923203f4d43c63f440f4e0a8e0960d624d888
safety_vests_ext2_d96deb544e53.jpg,safety_vests_ext2_d96deb544e53,safety_vests_ext2,safety_vests_ext2:ppe_0034,0,9,0,d96deb544e5381eed566b366acd939d9423064ee
safety_vests_ext2_5f3cb591aa9e.jpg,safety_vests_ext2_5f3cb591aa9e,safety_vests_ext2,safety_vests_ext2:ppe_0042,0,1,0,5f3cb591aa9e48c4f135aac5ee022c27861c6bdf
safety_vests_ext2_7b0db4171674.jpg,safety_vests_ext2_7b0db4171674,safety_vests_ext2,safety_vests_ext2:ppe_0049,0,2,0,7b0db4171674ab1e3854f2644748fae14c32233b
safety_vests_ext2_68ba7bd9e2f1.jpg,safety_vests_ext2_68ba7bd9e2f1,safety_vests_ext2,safety_vests_ext2:ppe_0068,0,3,0,68ba7bd9e2f19f36326b47f9c2bdcf8acb2e4db9
safety_vests_ext2_61c575d34d3e.jpg,safety_vests_ext2_61c575d34d3e,safety_vests_ext2,safety_vests_ext2:ppe_0087,0,1,0,61c575d34d3e1fc6bbde339084628bab8be30af6
safety_vests_ext2_4a911cc55af6.jpg,safety_vests_ext2_4a911cc55af6,safety_vests_ext2,safety_vests_ext2:ppe_0094,0,1,0,4a911cc55af61eee1f515cf7ca5e5ec02890448d
safety_vests_ext2_198b48334b64.jpg,safety_vests_ext2_198b48334b64,safety_vests_ext2,safety_vests_ext2:ppe_0102,0,1,0,198b48334b64106857bac43fff416d869011ff83
safety_vests_ext2_ac98f6821b10.jpg,safety_vests_ext2_ac98f6821b10,safety_vests_ext2,safety_vests_ext2:ppe_0115,0,1,0,ac98f6821b10d7b415487a90d2514a8afafb73c6
safety_vests_ext2_8e76587a1e6b.jpg,safety_vests_ext2_8e76587a1e6b,safety_vests_ext2,safety_vests_ext2:ppe_0119,0,2,0,8e76587a1e6b05a1a3eebf4c645364963bbfba26
safety_vests_ext2_66d8fa824da6.jpg,safety_vests_ext2_66d8fa824da6,safety_vests_ext2,safety_vests_ext2:ppe_0121,0,1,0,66d8fa824da6d8fbef5274810c5b3e62e80bdd29
safety_vests_ext2_6ed26c290ade.jpg,safety_vests_ext2_6ed26c290ade,safety_vests_ext2,safety_vests_ext2:ppe_0143,0,1,0,6ed26c290adee0ae86a098958e36ea3958106193
safety_vests_ext2_29649680069a.jpg,safety_vests_ext2_29649680069a,safety_vests_ext2,safety_vests_ext2:ppe_0148,0,6,0,29649680069a7650e2d62e01e8fd0a016ee973d8
safety_vests_ext2_d6978797ddc4.jpg,safety_vests_ext2_d6978797ddc4,safety_vests_ext2,safety_vests_ext2:ppe_0150,0,4,0,d6978797ddc411a7cb3d7e10959d2fc52717ead5
safety_vests_ext2_6f21b635bb95.jpg,safety_vests_ext2_6f21b635bb95,safety_vests_ext2,safety_vests_ext2:ppe_0155,0,2,0,6f21b635bb95f1b39e5c4dd55913db99cf24eab0
safety_vests_ext2_7ac7069f7f78.jpg,safety_vests_ext2_7ac7069f7f78,safety_vests_ext2,safety_vests_ext2:ppe_0178,0,2,0,7ac7069f7f78307fbdddcc5202943a71a096a1cd
safety_vests_ext2_ec58d14aa4b9.jpg,safety_vests_ext2_ec58d14aa4b9,safety_vests_ext2,safety_vests_ext2:ppe_0182,0,1,0,ec58d14aa4b9fda2a02bbebca23580985724d8a9
safety_vests_ext2_e7bc186368a2.jpg,safety_vests_ext2_e7bc186368a2,safety_vests_ext2,safety_vests_ext2:ppe_0194,0,3,0,e7bc186368a2050c546b97dbba152f77a12cb295
safety_vests_ext2_3ad313e5a60a.jpg,safety_vests_ext2_3ad313e5a60a,safety_vests_ext2,safety_vests_ext2:ppe_0209,0,4,0,3ad313e5a60a980e915d30c404ffcd5ec4655056
safety_vests_ext2_929e300b4020.jpg,safety_vests_ext2_929e300b4020,safety_vests_ext2,safety_vests_ext2:ppe_0214,0,1,0,929e300b4020b297a0e208b1837515d24040f82e
safety_vests_ext2_228acf7a3561.jpg,safety_vests_ext2_228acf7a3561,safety_vests_ext2,safety_vests_ext2:ppe_0216,0,2,0,228acf7a35618bc1c4a45c6a813ac2f6d1a82820
safety_vests_ext2_cceeeb33502a.jpg,safety_vests_ext2_cceeeb33502a,safety_vests_ext2,safety_vests_ext2:ppe_0219,0,1,0,cceeeb33502a471136b9e3bfdd88aeed127acfd0
safety_vests_ext2_0d066a9ee580.jpg,safety_vests_ext2_0d066a9ee580,safety_vests_ext2,safety_vests_ext2:ppe_0223,0,4,0,0d066a9ee5807f85467ece62e9feb85e5e8ef635
safety_vests_ext2_15b4098c2b17.jpg,safety_vests_ext2_15b4098c2b17,safety_vests_ext2,safety_vests_ext2:ppe_0226,0,1,0,15b4098c2b1741146269162879e3ebb9ffff8fd6
safety_vests_ext2_595904cfb05d.jpg,safety_vests_ext2_595904cfb05d,safety_vests_ext2,safety_vests_ext2:ppe_0235,0,1,0,595904cfb05dc3f090521a9027e2a409dc756078
safety_vests_ext2_523d2e8357bf.jpg,safety_vests_ext2_523d2e8357bf,safety_vests_ext2,safety_vests_ext2:ppe_0237,0,1,0,523d2e8357bfcd79c9af7c01d2daaf64a7478a02
safety_vests_ext2_2ca824d4721f.jpg,safety_vests_ext2_2ca824d4721f,safety_vests_ext2,safety_vests_ext2:ppe_0252,0,1,0,2ca824d4721f30eea1bd8a4efd2cd024074324dc
safety_vests_ext2_5a05fdcaccb5.jpg,safety_vests_ext2_5a05fdcaccb5,safety_vests_ext2,safety_vests_ext2:ppe_0278,0,1,0,5a05fdcaccb5bee05699615779c25dc32b6bcd24
safety_vests_ext2_301a91513a89.jpg,safety_vests_ext2_301a91513a89,safety_vests_ext2,safety_vests_ext2:ppe_0315,0,2,0,301a91513a89eb75e14a46c0bbff7606b4a68e0b
safety_vests_ext2_d3a1a67262f3.jpg,safety_vests_ext2_d3a1a67262f3,safety_vests_ext2,safety_vests_ext2:ppe_0332,0,1,0,d3a1a67262f304743b79ae075315a37834be296f
safety_vests_ext2_690f6c276468.jpg,safety_vests_ext2_690f6c276468,safety_vests_ext2,safety_vests_ext2:ppe_0339,0,3,0,690f6c2764682218b873871d14b6081f0dbca546
safety_vests_ext2_cf86ccf7077a.jpg,safety_vests_ext2_cf86ccf7077a,safety_vests_ext2,safety_vests_ext2:ppe_0347,0,1,0,cf86ccf7077a3752a3bbd8d695e65d70800ebac6
safety_vests_ext2_658cceb22d13.jpg,safety_vests_ext2_658cceb22d13,safety_vests_ext2,safety_vests_ext2:ppe_0348,0,4,0,658cceb22d1343dc14bd0a904bd1feece35ee36c
safety_vests_ext2_fddfcb0361de.jpg,safety_vests_ext2_fddfcb0361de,safety_vests_ext2,safety_vests_ext2:ppe_0350,0,1,0,fddfcb0361de3d959a16a03ad1ba4750e9056ee8
safety_vests_ext2_0c95658b13e5.jpg,safety_vests_ext2_0c95658b13e5,safety_vests_ext2,safety_vests_ext2:ppe_0355,0,3,0,0c95658b13e54e9cd6c6b058625e918b62984044
safety_vests_ext2_06d037e56ee6.jpg,safety_vests_ext2_06d037e56ee6,safety_vests_ext2,safety_vests_ext2:ppe_0361,0,1,0,06d037e56ee681349d53b4af45bf936654ad5f75
safety_vests_ext2_8a886cf44af4.jpg,safety_vests_ext2_8a886cf44af4,safety_vests_ext2,safety_vests_ext2:ppe_0372,0,3,0,8a886cf44af470685eba21efca9e4bdf0152699a
safety_vests_ext2_d718dc93458a.jpg,safety_vests_ext2_d718dc93458a,safety_vests_ext2,safety_vests_ext2:ppe_0385,0,1,0,d718dc93458aec4814e628b1fa6ad966140400cb
safety_vests_ext2_710588948238.jpg,safety_vests_ext2_710588948238,safety_vests_ext2,safety_vests_ext2:ppe_0404,0,1,0,7105889482389d6103effffc8e9ed27a75292411
safety_vests_ext2_9435fba4f412.jpg,safety_vests_ext2_9435fba4f412,safety_vests_ext2,safety_vests_ext2:ppe_0412,0,3,0,9435fba4f412ce1956c84966cc3ebfde57f7e4de
safety_vests_ext2_08bc91522434.jpg,safety_vests_ext2_08bc91522434,safety_vests_ext2,safety_vests_ext2:ppe_0414,0,2,0,08bc91522434d2dd2b4d2057e6ce395a3428a0d0
safety_vests_ext2_5caeebca6101.jpg,safety_vests_ext2_5caeebca6101,safety_vests_ext2,safety_vests_ext2:ppe_0417,0,2,0,5caeebca61016c70465e5c05fc0804c889971af8
safety_vests_ext2_bbea30527590.jpg,safety_vests_ext2_bbea30527590,safety_vests_ext2,safety_vests_ext2:ppe_0425,0,2,0,bbea30527590708ab9dba693dbd23dbcb0c05f6e
safety_vests_ext2_32de4a16fa83.jpg,safety_vests_ext2_32de4a16fa83,safety_vests_ext2,safety_vests_ext2:ppe_0430,0,1,0,32de4a16fa831ddb325cdccef10abb53539b2230
safety_vests_ext2_6e96240bf9a2.jpg,safety_vests_ext2_6e96240bf9a2,safety_vests_ext2,safety_vests_ext2:ppe_0443,0,4,0,6e96240bf9a2da8d9ae328b726a31bea1da73d58
safety_vests_ext2_b7b470986240.jpg,safety_vests_ext2_b7b470986240,safety_vests_ext2,safety_vests_ext2:ppe_0444,0,11,0,b7b470986240ec96017862fffbff7fa970c272d8
safety_vests_ext2_4089a516fe9e.jpg,safety_vests_ext2_4089a516fe9e,safety_vests_ext2,safety_vests_ext2:ppe_0450,0,1,0,4089a516fe9ec1df1553cc4cf66776a61f6f2445
safety_vests_ext2_98724a8eadf6.jpg,safety_vests_ext2_98724a8eadf6,safety_vests_ext2,safety_vests_ext2:ppe_0466,0,2,0,98724a8eadf6686682e9e4dcdf7562f523b8a344
safety_vests_ext2_edad28c73fed.jpg,safety_vests_ext2_edad28c73fed,safety_vests_ext2,safety_vests_ext2:ppe_0469,0,1,0,edad28c73fed60c1e63fffdf4d7217a2871e16b6
safety_vests_ext2_1f99bcfbba93.jpg,safety_vests_ext2_1f99bcfbba93,safety_vests_ext2,safety_vests_ext2:ppe_0476,0,1,0,1f99bcfbba93b8e96e859dd2b6528abf868af862
safety_vests_ext2_79780f2d5e80.jpg,safety_vests_ext2_79780f2d5e80,safety_vests_ext2,safety_vests_ext2:ppe_0482,0,1,0,79780f2d5e809a9401040d9ed303f8c6b7995276
safety_vests_ext2_3c32a07d5c74.jpg,safety_vests_ext2_3c32a07d5c74,safety_vests_ext2,safety_vests_ext2:ppe_0492,0,1,0,3c32a07d5c746a64a6997f85965c3aa78d98b753
safety_vests_ext2_f2fa27197895.jpg,safety_vests_ext2_f2fa27197895,safety_vests_ext2,safety_vests_ext2:ppe_0494,0,3,0,f2fa2719789584aa834cf039844956ad37483756
safety_vests_ext2_9781b594d91d.jpg,safety_vests_ext2_9781b594d91d,safety_vests_ext2,safety_vests_ext2:ppe_0500,0,2,0,9781b594d91d83158840d4e696e5a4455c15be12
safety_vests_ext2_468ee190978b.jpg,safety_vests_ext2_468ee190978b,safety_vests_ext2,safety_vests_ext2:ppe_0508,0,3,0,468ee190978b75d08a99f10058cc224d482dc8ac
safety_vests_ext2_9e9caa676dcf.jpg,safety_vests_ext2_9e9caa676dcf,safety_vests_ext2,safety_vests_ext2:ppe_0520,0,3,0,9e9caa676dcf9d79bc7f0ef872deed22e33932f3
safety_vests_ext2_392525905e91.jpg,safety_vests_ext2_392525905e91,safety_vests_ext2,safety_vests_ext2:ppe_0525,0,1,0,392525905e91f5f2299a6f32673a3a2f0d5a1586
safety_vests_ext2_b92ff84d1d0f.jpg,safety_vests_ext2_b92ff84d1d0f,safety_vests_ext2,safety_vests_ext2:ppe_0536,0,2,0,b92ff84d1d0fe879016aee0d28ae4a1644695021
safety_vests_ext2_748d49ac7c95.jpg,safety_vests_ext2_748d49ac7c95,safety_vests_ext2,safety_vests_ext2:ppe_0537,0,3,0,748d49ac7c95ab649f8cde1c0192651f40dd6c4a
safety_vests_ext2_a8e703d50755.jpg,safety_vests_ext2_a8e703d50755,safety_vests_ext2,safety_vests_ext2:ppe_0539,0,1,0,a8e703d50755cf45e07764e6745b6ad9deba43ff
safety_vests_ext2_43bec63dc86b.jpg,safety_vests_ext2_43bec63dc86b,safety_vests_ext2,safety_vests_ext2:ppe_0543,0,1,0,43bec63dc86b8b226b6ffdff7c2ecdfc7d27718f
safety_vests_ext2_e5545a2e7b26.jpg,safety_vests_ext2_e5545a2e7b26,safety_vests_ext2,safety_vests_ext2:ppe_0544,0,1,0,e5545a2e7b268dd9620ada01114e017f54f2c4da
safety_vests_ext2_b095b44da136.jpg,safety_vests_ext2_b095b44da136,safety_vests_ext2,safety_vests_ext2:ppe_0548,0,1,0,b095b44da13645bd65c3df01845ea4d54b72cd10
safety_vests_ext2_7d563214219e.jpg,safety_vests_ext2_7d563214219e,safety_vests_ext2,safety_vests_ext2:ppe_0561,0,1,0,7d563214219e74855920ae2e2d564d17abd67ae7
safety_vests_ext2_c5e86957ca69.jpg,safety_vests_ext2_c5e86957ca69,safety_vests_ext2,safety_vests_ext2:ppe_0593,0,3,0,c5e86957ca699c15c67749d5c6d78bb27d3646e9
safety_vests_ext2_4307f69ec708.jpg,safety_vests_ext2_4307f69ec708,safety_vests_ext2,safety_vests_ext2:ppe_0615,0,3,0,4307f69ec708f171fcba2c33fc5403ebfad5214a
safety_vests_ext2_6c844cf3e2dd.jpg,safety_vests_ext2_6c844cf3e2dd,safety_vests_ext2,safety_vests_ext2:ppe_0627,0,1,0,6c844cf3e2ddae8b9c72816e9694e9293a15351b
safety_vests_ext2_483a7fd73770.jpg,safety_vests_ext2_483a7fd73770,safety_vests_ext2,safety_vests_ext2:ppe_0634,0,2,0,483a7fd7377012f1384068084d6580553c78a360
safety_vests_ext2_bf2401be970f.jpg,safety_vests_ext2_bf2401be970f,safety_vests_ext2,safety_vests_ext2:ppe_0638,0,1,0,bf2401be970f82a93ff21fc711f927f7bb46afea
safety_vests_ext2_c4eecb3ce581.jpg,safety_vests_ext2_c4eecb3ce581,safety_vests_ext2,safety_vests_ext2:ppe_0639,0,1,0,c4eecb3ce581517e574a9663e6e8dfa902605d9c
safety_vests_ext2_ad374c57d652.jpg,safety_vests_ext2_ad374c57d652,safety_vests_ext2,safety_vests_ext2:ppe_0642,0,2,0,ad374c57d652631b6a84de7fb263a280d0f0d561
safety_vests_ext2_bc867ab9a814.jpg,safety_vests_ext2_bc867ab9a814,safety_vests_ext2,safety_vests_ext2:ppe_0647,0,2,0,bc867ab9a814e327de5b003d452c6842d1ed351c
safety_vests_ext2_b53069ec3307.jpg,safety_vests_ext2_b53069ec3307,safety_vests_ext2,safety_vests_ext2:ppe_0668,0,2,0,b53069ec3307c3e8601bcd7c2b52bbb616431bef
safety_vests_ext2_ea8489330166.jpg,safety_vests_ext2_ea8489330166,safety_vests_ext2,safety_vests_ext2:ppe_0673,0,2,0,ea848933016603287ebc6c838850080a2fa7356b
safety_vests_ext2_471fafea3659.jpg,safety_vests_ext2_471fafea3659,safety_vests_ext2,safety_vests_ext2:ppe_0676,0,2,0,471fafea36596ab8310d702007f87fe4b189b876
safety_vests_ext2_17ae1d3268a6.jpg,safety_vests_ext2_17ae1d3268a6,safety_vests_ext2,safety_vests_ext2:ppe_0679,0,1,0,17ae1d3268a6c88328b270606cb704526324c652
safety_vests_ext2_3a7d5945c13f.jpg,safety_vests_ext2_3a7d5945c13f,safety_vests_ext2,safety_vests_ext2:ppe_0683,0,5,0,3a7d5945c13f20a75e72b7c16d635951f232824e
safety_vests_ext2_7e3abb827546.jpg,safety_vests_ext2_7e3abb827546,safety_vests_ext2,safety_vests_ext2:ppe_0684,0,2,0,7e3abb827546d2c4b2f91536a363381f6020e5e7
safety_vests_ext2_d48bbfd786ea.jpg,safety_vests_ext2_d48bbfd786ea,safety_vests_ext2,safety_vests_ext2:ppe_0702,0,1,0,d48bbfd786eaf99f735f9e92b04029859b45cf1f
safety_vests_ext2_64e6018cf09f.jpg,safety_vests_ext2_64e6018cf09f,safety_vests_ext2,safety_vests_ext2:ppe_0705,0,2,0,64e6018cf09f6c10f10ecec8f4bd6d4470eeeb91
safety_vests_ext2_c7a073c20b53.jpg,safety_vests_ext2_c7a073c20b53,safety_vests_ext2,safety_vests_ext2:ppe_0720,0,12,0,c7a073c20b5338061758fc33c9dfdd11d5afe5c1
safety_vests_ext2_9074454dd72a.jpg,safety_vests_ext2_9074454dd72a,safety_vests_ext2,safety_vests_ext2:ppe_0728,0,1,0,9074454dd72a9c75bd04cdf7b2d5eb44236e767a
safety_vests_ext2_45b06798601a.jpg,safety_vests_ext2_45b06798601a,safety_vests_ext2,safety_vests_ext2:ppe_0732,0,3,0,45b06798601ab6c11177d899141c474a85118271
safety_vests_ext2_1a2ca31499f4.jpg,safety_vests_ext2_1a2ca31499f4,safety_vests_ext2,safety_vests_ext2:ppe_0735,0,1,0,1a2ca31499f437fdf4ca60c06c4d2d2eb3b3e6e1
safety_vests_ext2_f3427c3e95e0.jpg,safety_vests_ext2_f3427c3e95e0,safety_vests_ext2,safety_vests_ext2:ppe_0738,0,1,0,f3427c3e95e0e5b8b6dacc42357ce82a26a05374
safety_vests_ext2_3348eeb94540.jpg,safety_vests_ext2_3348eeb94540,safety_vests_ext2,safety_vests_ext2:ppe_0748,0,1,0,3348eeb945406847c5c3a49337488cc2d5be1475
safety_vests_ext2_e3e2d152ff12.jpg,safety_vests_ext2_e3e2d152ff12,safety_vests_ext2,safety_vests_ext2:ppe_0751,0,6,0,e3e2d152ff12c77a350f28d39684858c292f0967
safety_vests_ext2_befe59cb0e45.jpg,safety_vests_ext2_befe59cb0e45,safety_vests_ext2,safety_vests_ext2:ppe_0755,0,1,0,befe59cb0e45c38c5da93ad8f266b3ffbfbc9de5
safety_vests_ext2_a58c0ba60208.jpg,safety_vests_ext2_a58c0ba60208,safety_vests_ext2,safety_vests_ext2:ppe_0765,0,2,0,a58c0ba602082f53473bf8de7c8fd9c630688b84
safety_vests_ext2_02ae6ac10146.jpg,safety_vests_ext2_02ae6ac10146,safety_vests_ext2,safety_vests_ext2:ppe_0776,0,4,0,02ae6ac101465b038dc5c8ef4015637a10d755c7
safety_vests_ext2_fe25c7212532.jpg,safety_vests_ext2_fe25c7212532,safety_vests_ext2,safety_vests_ext2:ppe_0831,0,5,0,fe25c721253213811f5e19fd6ce2a625f1db8b7e
safety_vests_ext2_842699403dda.jpg,safety_vests_ext2_842699403dda,safety_vests_ext2,safety_vests_ext2:ppe_0833,0,2,0,842699403dda43b2d2de09e6140d38adc73f3d55
safety_vests_ext2_243e5d828df5.jpg,safety_vests_ext2_243e5d828df5,safety_vests_ext2,safety_vests_ext2:ppe_0841,0,2,0,243e5d828df54f2f5aaf4f1319efc576a1526a7a
safety_vests_ext2_f8ac96e19551.jpg,safety_vests_ext2_f8ac96e19551,safety_vests_ext2,safety_vests_ext2:ppe_0854,0,1,0,f8ac96e1955162efb22e7d0e587c45341f74d427
safety_vests_ext2_2409af38f420.jpg,safety_vests_ext2_2409af38f420,safety_vests_ext2,safety_vests_ext2:ppe_0864,0,3,0,2409af38f4202acde0b057d7ff0f695234499ed9
safety_vests_ext2_66c7ba6d91b9.jpg,safety_vests_ext2_66c7ba6d91b9,safety_vests_ext2,safety_vests_ext2:ppe_0867,0,1,0,66c7ba6d91b9ba9f7ca95ee89f240266361f55b9
safety_vests_ext2_c2486eef3921.jpg,safety_vests_ext2_c2486eef3921,safety_vests_ext2,safety_vests_ext2:ppe_0886,0,2,0,c2486eef392154221d4a8fbcb6402ee0ac696efa
safety_vests_ext2_b1f47392817c.jpg,safety_vests_ext2_b1f47392817c,safety_vests_ext2,safety_vests_ext2:ppe_0893,0,2,0,b1f47392817c8ed5eff4c9ccb18d41a6783ab2a0
safety_vests_ext2_639653567afe.jpg,safety_vests_ext2_639653567afe,safety_vests_ext2,safety_vests_ext2:ppe_0903,0,1,0,639653567afe5e1543160c8c2b3d023e7e631523
safety_vests_ext2_a451f8cf98b6.jpg,safety_vests_ext2_a451f8cf98b6,safety_vests_ext2,safety_vests_ext2:ppe_0904,0,3,0,a451f8cf98b66b80fd9cde1473519422bdb2ff32
safety_vests_ext2_07a2fe99dc66.jpg,safety_vests_ext2_07a2fe99dc66,safety_vests_ext2,safety_vests_ext2:ppe_0923,0,1,0,07a2fe99dc661c0f87c16b89445858855c0ff746
safety_vests_ext2_d575f3a18cea.jpg,safety_vests_ext2_d575f3a18cea,safety_vests_ext2,safety_vests_ext2:ppe_0933,0,3,0,d575f3a18ceaaba82ae817245d7d1a7c420259a5
safety_vests_ext2_dd10b5cdc331.jpg,safety_vests_ext2_dd10b5cdc331,safety_vests_ext2,safety_vests_ext2:ppe_0940,0,1,0,dd10b5cdc3312e21dc9a9fc56f708322111bbe54
safety_vests_ext2_deafd2389421.jpg,safety_vests_ext2_deafd2389421,safety_vests_ext2,safety_vests_ext2:ppe_0977,0,2,0,deafd23894214ed4ba7af738573d727a28c74c87
safety_vests_ext2_6a477ee2000d.jpg,safety_vests_ext2_6a477ee2000d,safety_vests_ext2,safety_vests_ext2:ppe_0992,0,3,0,6a477ee2000dfa59291103ba9b2a233d85d7d925
safety_vests_ext2_643be3c81842.jpg,safety_vests_ext2_643be3c81842,safety_vests_ext2,safety_vests_ext2:ppe_0996,0,2,0,643be3c818422e69ce15b60d04bb9cdb8deb07bb
safety_vests_ext2_88c2343013b7.jpg,safety_vests_ext2_88c2343013b7,safety_vests_ext2,safety_vests_ext2:ppe_1011,0,2,0,88c2343013b75b80bf8f34e1caba4d23906d0977
safety_vests_ext2_2a6345565557.jpg,safety_vests_ext2_2a6345565557,safety_vests_ext2,safety_vests_ext2:ppe_1020,0,4,0,2a634556555745e1dec7605458a6d4cc4a9868b5
safety_vests_ext2_57406ec55c7f.jpg,safety_vests_ext2_57406ec55c7f,safety_vests_ext2,safety_vests_ext2:ppe_1021,0,2,0,57406ec55c7fb5c0d6d4c95d771f9e53ce90a7dc
safety_vests_ext2_4edd566a9d4b.jpg,safety_vests_ext2_4edd566a9d4b,safety_vests_ext2,safety_vests_ext2:ppe_1027,0,4,0,4edd566a9d4be9ee20078749b04f741a4209f7a1
safety_vests_ext2_35f377e59bda.jpg,safety_vests_ext2_35f377e59bda,safety_vests_ext2,safety_vests_ext2:ppe_1052,0,1,0,35f377e59bdad3826db062bdf7e0746cc8c6a263
safety_vests_ext2_6f5025b4fe33.jpg,safety_vests_ext2_6f5025b4fe33,safety_vests_ext2,safety_vests_ext2:ppe_1056,0,2,0,6f5025b4fe336e389a039283e975c3799d56d470
safety_vests_ext2_d500b98aa03b.jpg,safety_vests_ext2_d500b98aa03b,safety_vests_ext2,safety_vests_ext2:ppe_1101,0,1,0,d500b98aa03b8cd093ad08a033855496d168e45b
safety_vests_ext2_2e4af30f9b0f.jpg,safety_vests_ext2_2e4af30f9b0f,safety_vests_ext2,safety_vests_ext2:ppe_1116,0,2,0,2e4af30f9b0fb1d567a77af0ba4e4abe6b82eb0c
safety_vests_ext2_48ec7dca34ba.jpg,safety_vests_ext2_48ec7dca34ba,safety_vests_ext2,safety_vests_ext2:ppe_1164,0,5,0,48ec7dca34ba6a0b1690e26362cbc371c46c86b1
safety_vests_ext2_4a675f7a871c.jpg,safety_vests_ext2_4a675f7a871c,safety_vests_ext2,safety_vests_ext2:ppe_1176,0,2,0,4a675f7a871c79c8911814b38d3be853894d988d
safety_vests_ext2_f99cbaa97526.jpg,safety_vests_ext2_f99cbaa97526,safety_vests_ext2,safety_vests_ext2:ppe_1180,0,1,0,f99cbaa9752628a3fe9f423c44e619641c710baf
safety_vests_ext2_f74d5a91ff62.jpg,safety_vests_ext2_f74d5a91ff62,safety_vests_ext2,safety_vests_ext2:ppe_1186,0,2,0,f74d5a91ff62096d50c533f4ff4d53d1461bff06
safety_vests_ext2_7140081d2d05.jpg,safety_vests_ext2_7140081d2d05,safety_vests_ext2,safety_vests_ext2:ppe_1194,0,2,0,7140081d2d05487515da13786a93881ab762720f
safety_vests_ext2_299715ee291f.jpg,safety_vests_ext2_299715ee291f,safety_vests_ext2,safety_vests_ext2:ppe_1195,0,1,0,299715ee291f6f0c592a0b7917bb139a6a63f2e7
safety_vests_ext2_208601a89390.jpg,safety_vests_ext2_208601a89390,safety_vests_ext2,safety_vests_ext2:ppe_1212,0,2,0,208601a89390d58790f189cd86bc0c3831a247ce
safety_vests_ext2_67720a0a3050.jpg,safety_vests_ext2_67720a0a3050,safety_vests_ext2,safety_vests_ext2:ppe_1260,0,4,0,67720a0a30508ed87b5a4ff373b5417a5ec57583
safety_vests_ext2_d2529d8dce78.jpg,safety_vests_ext2_d2529d8dce78,safety_vests_ext2,safety_vests_ext2:ppe_1275,0,2,0,d2529d8dce78ec0c9d5cb4882ee9800373f39c7b
safety_vests_ext2_735bf62941b2.jpg,safety_vests_ext2_735bf62941b2,safety_vests_ext2,safety_vests_ext2:ppe_1293,0,5,0,735bf62941b27bdc1ce2402657f15a2e93c17c51
safety_vests_ext2_632563a7d0e1.jpg,safety_vests_ext2_632563a7d0e1,safety_vests_ext2,safety_vests_ext2:ppe_1301,0,5,0,632563a7d0e123d9762e04e2704d1bb59c03eceb
safety_vests_ext2_984f2d8481f0.jpg,safety_vests_ext2_984f2d8481f0,safety_vests_ext2,safety_vests_ext2:ppe_1316,0,1,0,984f2d8481f09707c197b6281551cf9925329491
safety_vests_ext2_814c97282cc9.jpg,safety_vests_ext2_814c97282cc9,safety_vests_ext2,safety_vests_ext2:000135,0,6,0,814c97282cc9ad71af69f0a8a8440a28b55b337d
safety_vests_ext2_9e47efe5c3ea.jpg,safety_vests_ext2_9e47efe5c3ea,safety_vests_ext2,safety_vests_ext2:00345,0,1,0,9e47efe5c3eaf0907593a0e7932b07b2c9251780
safety_vests_ext2_92d5646d1788.jpg,safety_vests_ext2_92d5646d1788,safety_vests_ext2,safety_vests_ext2:00372,0,4,0,92d5646d1788c0434f9ed519c192ff5ce8037b26
safety_vests_ext2_ce729e89cde6.jpg,safety_vests_ext2_ce729e89cde6,safety_vests_ext2,safety_vests_ext2:00411,0,2,0,ce729e89cde6919e14159f3b7c2e59f0aa518f5e
safety_vests_ext2_3b67764b99ae.jpg,safety_vests_ext2_3b67764b99ae,safety_vests_ext2,safety_vests_ext2:00446,0,7,0,3b67764b99aeba7e64c9e0e774f7ff07e43aa76b
safety_vests_ext2_6d8fa05fcbdd.jpg,safety_vests_ext2_6d8fa05fcbdd,safety_vests_ext2,safety_vests_ext2:00541,0,2,0,6d8fa05fcbdd75a42b0536f6425f157074dcbb1f
safety_vests_ext2_0d93b1aa37b7.jpg,safety_vests_ext2_0d93b1aa37b7,safety_vests_ext2,safety_vests_ext2:00588,0,5,0,0d93b1aa37b77397e94134a0d385740055aa63fa
safety_vests_ext2_3c35dfbb31f0.jpg,safety_vests_ext2_3c35dfbb31f0,safety_vests_ext2,safety_vests_ext2:00624,0,3,0,3c35dfbb31f0c6e0ad2480fce77002385163fecf
safety_vests_ext2_c32f4b6e1dd5.jpg,safety_vests_ext2_c32f4b6e1dd5,safety_vests_ext2,safety_vests_ext2:00626,0,2,0,c32f4b6e1dd5f0ac04a07e04e682662f4d2b6b5f
safety_vests_ext2_bbd92c3e5f94.jpg,safety_vests_ext2_bbd92c3e5f94,safety_vests_ext2,safety_vests_ext2:00638,0,1,0,bbd92c3e5f94f6a1852dfe8a516ba609d3a4084f
safety_vests_ext2_284bdb538802.jpg,safety_vests_ext2_284bdb538802,safety_vests_ext2,safety_vests_ext2:01163,0,2,0,284bdb538802dcc059f812f43d2fa7b92e012dbc
safety_vests_ext2_4580df0c0c69.jpg,safety_vests_ext2_4580df0c0c69,safety_vests_ext2,safety_vests_ext2:02087,0,3,0,4580df0c0c690bd276c3ea5c0ab10ae31ece80cf
safety_vests_ext2_fe202e8ec6bd.jpg,safety_vests_ext2_fe202e8ec6bd,safety_vests_ext2,safety_vests_ext2:02535,0,3,0,fe202e8ec6bd596f804a1666037306f117f2938b
safety_vests_ext2_d3d5b8eab4fe.jpg,safety_vests_ext2_d3d5b8eab4fe,safety_vests_ext2,safety_vests_ext2:03112,0,1,0,d3d5b8eab4fe30e475bc19653ca794ec125d8451
safety_vests_ext2_5e016e562410.jpg,safety_vests_ext2_5e016e562410,safety_vests_ext2,safety_vests_ext2:03118,0,1,0,5e016e562410be0e53c7ececc4019303ca4155a3
safety_vests_ext2_4aa22ce70cf6.jpg,safety_vests_ext2_4aa22ce70cf6,safety_vests_ext2,safety_vests_ext2:03404,0,1,0,4aa22ce70cf602a1ef1fdd70f32eda8d1091e06b
safety_vests_ext2_9566b56f5f78.jpg,safety_vests_ext2_9566b56f5f78,safety_vests_ext2,safety_vests_ext2:061026-F-6882G-0001_JPG,0,1,0,9566b56f5f787ff4e097293923908db48b8d3fab
safety_vests_ext2_4b3858587e2f.jpg,safety_vests_ext2_4b3858587e2f,safety_vests_ext2,safety_vests_ext2:100713-F-1124Q-067_JPG,0,1,0,4b3858587e2fbece6c05bde5ffea3f0534a46766
safety_vests_ext2_b64a26c18dc4.jpg,safety_vests_ext2_b64a26c18dc4,safety_vests_ext2,safety_vests_ext2:160801-F-DB969-034_JPG,0,1,0,b64a26c18dc4aefe32ad87b8484a9081378c8f2b
safety_vests_ext2_eebd23d2c46e.jpg,safety_vests_ext2_eebd23d2c46e,safety_vests_ext2,safety_vests_ext2:31191702927_d01a0918f5_o,0,8,0,eebd23d2c46ecaac9c1cf3fce76586b3753f9fce
safety_vests_ext2_8143611871b6.jpg,safety_vests_ext2_8143611871b6,safety_vests_ext2,safety_vests_ext2:41845547354_b8cfd83fda_b,0,1,0,8143611871b6239ff7012c0a18a3cc823756a5a1
safety_vests_ext2_53f7b3ce1bf7.jpg,safety_vests_ext2_53f7b3ce1bf7,safety_vests_ext2,safety_vests_ext2:5861240038_baea424e71_b,0,4,0,53f7b3ce1bf715126aed2e3dd4be0615e52ce3e0
safety_vests_ext2_f1dd6df902aa.jpg,safety_vests_ext2_f1dd6df902aa,safety_vests_ext2,safety_vests_ext2:Image14,0,4,0,f1dd6df902aaca7b968d2608f6dfcbdd1ce9c44a
safety_vests_ext2_197794dc8ebb.jpg,safety_vests_ext2_197794dc8ebb,safety_vests_ext2,safety_vests_ext2:Image15,0,6,0,197794dc8ebba3fd23d47272bb0e1eb434973ffc
safety_vests_ext2_0fb955d55a13.jpg,safety_vests_ext2_0fb955d55a13,safety_vests_ext2,safety_vests_ext2:Image18,0,10,0,0fb955d55a135c003ef75d04da9d752eba787eac
safety_vests_ext2_c0a45d8964e8.jpg,safety_vests_ext2_c0a45d8964e8,safety_vests_ext2,safety_vests_ext2:Image19,0,9,0,c0a45d8964e87857eaef40745dee42a226ec519c
safety_vests_ext2_9b2630349bbf.jpg,safety_vests_ext2_9b2630349bbf,safety_vests_ext2,safety_vests_ext2:Image20,0,16,0,9b2630349bbfe259869ef9793a6fc6cf05c418b1
safety_vests_ext2_3dfb4ce5642a.jpg,safety_vests_ext2_3dfb4ce5642a,safety_vests_ext2,safety_vests_ext2:Image20,0,4,0,3dfb4ce5642a2505799236712bfca542edf04e6e
safety_vests_ext2_b0bba614fb8b.jpg,safety_vests_ext2_b0bba614fb8b,safety_vests_ext2,safety_vests_ext2:Image26,0,6,0,b0bba614fb8b9df8937c0c89493eb4a7b4b72744
safety_vests_ext2_6a57beba4f18.jpg,safety_vests_ext2_6a57beba4f18,safety_vests_ext2,safety_vests_ext2:Image27,0,4,0,6a57beba4f182e8a7b680694a9af58506316e4f8
safety_vests_ext2_33a7c7934d3c.jpg,safety_vests_ext2_33a7c7934d3c,safety_vests_ext2,safety_vests_ext2:Image29,0,2,0,33a7c7934d3cd34419b728624fcd585db01e9de0
safety_vests_ext2_163ee6c59c86.jpg,safety_vests_ext2_163ee6c59c86,safety_vests_ext2,safety_vests_ext2:Image30,0,4,0,163ee6c59c86540227daddc373809caaffc8b65a
safety_vests_ext2_8035b42fd7fa.jpg,safety_vests_ext2_8035b42fd7fa,safety_vests_ext2,safety_vests_ext2:Image33,0,5,0,8035b42fd7faa2922c2b2fd3ca7edd89306c17b8
safety_vests_ext2_a8db46210fc5.jpg,safety_vests_ext2_a8db46210fc5,safety_vests_ext2,safety_vests_ext2:Image36,0,7,0,a8db46210fc526e77db283b5cfe2470c8fb0d2c8
safety_vests_ext2_de3874dfdd3a.jpg,safety_vests_ext2_de3874dfdd3a,safety_vests_ext2,safety_vests_ext2:Image37,0,12,0,de3874dfdd3a2418ffe2835ac44148348e39da86
safety_vests_ext2_ead89ea3d5c8.jpg,safety_vests_ext2_ead89ea3d5c8,safety_vests_ext2,safety_vests_ext2:Image37,0,4,0,ead89ea3d5c8c54eb178cc08a07e34d63b8b3d21
safety_vests_ext2_e87c384cec86.jpg,safety_vests_ext2_e87c384cec86,safety_vests_ext2,safety_vests_ext2:Image47,0,7,0,e87c384cec867f1cc6bd99a19a48b371e94124b3
safety_vests_ext2_a29a7a11e40f.jpg,safety_vests_ext2_a29a7a11e40f,safety_vests_ext2,safety_vests_ext2:Image49,0,5,0,a29a7a11e40f8b35fedee87e13bbc81e2e773a8c
safety_vests_ext2_93421ad1d8e0.jpg,safety_vests_ext2_93421ad1d8e0,safety_vests_ext2,safety_vests_ext2:Image6,0,3,0,93421ad1d8e027cad867804762843b15f26afacc
safety_vests_ext2_69649ad97bc8.jpg,safety_vests_ext2_69649ad97bc8,safety_vests_ext2,safety_vests_ext2:Image72,0,6,0,69649ad97bc8d5c460a6081b8d1835eba174795f
safety_vests_ext2_1e76b124c2c0.jpg,safety_vests_ext2_1e76b124c2c0,safety_vests_ext2,safety_vests_ext2:Image72,0,3,0,1e76b124c2c0b262fa2adb4940683b429629b79b
safety_vests_ext2_718ee0c7d3e5.jpg,safety_vests_ext2_718ee0c7d3e5,safety_vests_ext2,safety_vests_ext2:Image74,0,5,0,718ee0c7d3e53e12944c5ff465fa8c22d5f7ef28
safety_vests_ext2_fc7fa696c8d2.jpg,safety_vests_ext2_fc7fa696c8d2,safety_vests_ext2,safety_vests_ext2:Image78,0,11,0,fc7fa696c8d215b24f6ad597f06398ff1775263d
safety_vests_ext2_cd6d76f1bf50.jpg,safety_vests_ext2_cd6d76f1bf50,safety_vests_ext2,safety_vests_ext2:Ramp_Agent_-_Ops_Agent_-2810583410846-29,0,1,0,cd6d76f1bf5080c23e134d3d6197e718dfdf32f8
safety_vests_ext2_8bc229adfec0.jpg,safety_vests_ext2_8bc229adfec0,safety_vests_ext2,safety_vests_ext2:Working-Laboring-Industry-Mining-Laborer-People-384732,0,1,0,8bc229adfec0cf2554d1da73e9606cff7c92fa63
safety_vests_ext2_f694e055dd7e.jpg,safety_vests_ext2_f694e055dd7e,safety_vests_ext2,safety_vests_ext2:image_117,0,1,0,f694e055dd7efca1fbe35b8f7406559b9db921e6
safety_vests_ext2_3b0f61096dae.jpg,safety_vests_ext2_3b0f61096dae,safety_vests_ext2,safety_vests_ext2:image_128,0,1,0,3b0f61096daec67ba956439ebb38195358d326e2
safety_vests_ext2_4b4c46ffe1fb.jpg,safety_vests_ext2_4b4c46ffe1fb,safety_vests_ext2,safety_vests_ext2:image_130,0,1,0,4b4c46ffe1fb7417409643160c34a1398bbc043e
safety_vests_ext2_771b0df21c45.jpg,safety_vests_ext2_771b0df21c45,safety_vests_ext2,safety_vests_ext2:image_140,0,1,0,771b0df21c45f50953a42df9be83cf1f9ba39916
safety_vests_ext2_ba957f6f6138.jpg,safety_vests_ext2_ba957f6f6138,safety_vests_ext2,safety_vests_ext2:image_169,0,1,0,ba957f6f6138537ef597469a787f5702c9157697
safety_vests_ext2_17d52beac45c.jpg,safety_vests_ext2_17d52beac45c,safety_vests_ext2,safety_vests_ext2:image_17,0,1,0,17d52beac45c5f9139605e650f1c56577d1fa6f4
safety_vests_ext2_2b20597bcb8b.jpg,safety_vests_ext2_2b20597bcb8b,safety_vests_ext2,safety_vests_ext2:image_181,0,1,0,2b20597bcb8b35730098d917e71b609b76086e5b
safety_vests_ext2_8bd578f1b61f.jpg,safety_vests_ext2_8bd578f1b61f,safety_vests_ext2,safety_vests_ext2:image_186,0,1,0,8bd578f1b61fa403705bb59d19e6c385d1e69992
safety_vests_ext2_f5e414782915.jpg,safety_vests_ext2_f5e414782915,safety_vests_ext2,safety_vests_ext2:image_186,0,1,0,f5e4147829152442cb3610803e6b1e9412413bf5
safety_vests_ext2_3d50557656f7.jpg,safety_vests_ext2_3d50557656f7,safety_vests_ext2,safety_vests_ext2:image_188,0,1,0,3d50557656f7fd790e7b484766bd76b7efdb4633
safety_vests_ext2_611295e969f9.jpg,safety_vests_ext2_611295e969f9,safety_vests_ext2,safety_vests_ext2:image_18,0,1,0,611295e969f956ecf4f582a6262c703ffb5e478e
safety_vests_ext2_9446d7225e02.jpg,safety_vests_ext2_9446d7225e02,safety_vests_ext2,safety_vests_ext2:image_190,0,1,0,9446d7225e02eeb80e441b133e6dc960b8fb6361
safety_vests_ext2_89e46bed3280.jpg,safety_vests_ext2_89e46bed3280,safety_vests_ext2,safety_vests_ext2:image_192,0,1,0,89e46bed32808fadf0289673d8123f7e582b6f7a
safety_vests_ext2_00acd329298b.jpg,safety_vests_ext2_00acd329298b,safety_vests_ext2,safety_vests_ext2:image_204,0,1,0,00acd329298b1e6236ab715cb953939126a25a53
safety_vests_ext2_9cddfa38e13f.jpg,safety_vests_ext2_9cddfa38e13f,safety_vests_ext2,safety_vests_ext2:image_205,0,1,0,9cddfa38e13fdb4356dc2f70307c14ce7f74c1cd
safety_vests_ext2_352420c8d517.jpg,safety_vests_ext2_352420c8d517,safety_vests_ext2,safety_vests_ext2:image_206,0,1,0,352420c8d517960acdf62e2fa1339b3622f9769e
safety_vests_ext2_f0fed3e179ec.jpg,safety_vests_ext2_f0fed3e179ec,safety_vests_ext2,safety_vests_ext2:image_215,0,1,0,f0fed3e179eca07df459562a9b83c8395b03d78d
safety_vests_ext2_dca7b5e9ece4.jpg,safety_vests_ext2_dca7b5e9ece4,safety_vests_ext2,safety_vests_ext2:image_219,0,1,0,dca7b5e9ece48a5ad3e5d8b95c83704261cbca79
safety_vests_ext2_e5f4fb64b51c.jpg,safety_vests_ext2_e5f4fb64b51c,safety_vests_ext2,safety_vests_ext2:image_22,0,1,0,e5f4fb64b51c8e98a3641718d99098d2c211c8b2
safety_vests_ext2_d31283113a16.jpg,safety_vests_ext2_d31283113a16,safety_vests_ext2,safety_vests_ext2:image_230,0,1,0,d31283113a16ca86125b65ff7c2257351bd2932c
safety_vests_ext2_6e1bc5fd452c.jpg,safety_vests_ext2_6e1bc5fd452c,safety_vests_ext2,safety_vests_ext2:image_242,0,1,0,6e1bc5fd452c58f2e3d216a6ca8c3b679101300d
safety_vests_ext2_ca795f2cccf1.jpg,safety_vests_ext2_ca795f2cccf1,safety_vests_ext2,safety_vests_ext2:image_248,0,1,0,ca795f2cccf143905d0c0fe1810407e9ad55d9df
safety_vests_ext2_9050bcc5d708.jpg,safety_vests_ext2_9050bcc5d708,safety_vests_ext2,safety_vests_ext2:image_24,0,1,0,9050bcc5d708c02b6455fda3f82cd685aa2f130f
safety_vests_ext2_53410948c588.jpg,safety_vests_ext2_53410948c588,safety_vests_ext2,safety_vests_ext2:image_261,0,1,0,53410948c58820682d25b83ee8b8ce43975f7370
safety_vests_ext2_15528e08539f.jpg,safety_vests_ext2_15528e08539f,safety_vests_ext2,safety_vests_ext2:image_26,0,1,0,15528e08539f8eaeb76537d2d4d6643bacd2c795
safety_vests_ext2_263d2473a57d.jpg,safety_vests_ext2_263d2473a57d,safety_vests_ext2,safety_vests_ext2:image_27,0,1,0,263d2473a57d19932f70d17b71eff1736c953a8a
safety_vests_ext2_f4f839cf2a32.jpg,safety_vests_ext2_f4f839cf2a32,safety_vests_ext2,safety_vests_ext2:image_28,0,1,0,f4f839cf2a328ee809c68b70a4faabedc6949c1f
safety_vests_ext2_8ca0b82131c2.jpg,safety_vests_ext2_8ca0b82131c2,safety_vests_ext2,safety_vests_ext2:image_30,0,1,0,8ca0b82131c28f9af16d5e129e04118cbe893b3c
safety_vests_ext2_dfa39b91ebd6.jpg,safety_vests_ext2_dfa39b91ebd6,safety_vests_ext2,safety_vests_ext2:image_32,0,1,0,dfa39b91ebd6a6d1dfab396223db72a7aa007dfa
safety_vests_ext2_0185da3704d7.jpg,safety_vests_ext2_0185da3704d7,safety_vests_ext2,safety_vests_ext2:image_36,0,1,0,0185da3704d7607c9cddcbaf358ae5152391401d
safety_vests_ext2_ee4ade6bab98.jpg,safety_vests_ext2_ee4ade6bab98,safety_vests_ext2,safety_vests_ext2:image_43,0,1,0,ee4ade6bab98c30bf9f1b9c23f408c4416cdedcd
safety_vests_ext2_033fc63d6e55.jpg,safety_vests_ext2_033fc63d6e55,safety_vests_ext2,safety_vests_ext2:image_45,0,1,0,033fc63d6e55f77c2182e536d7704c9c2c990d69
safety_vests_ext2_f2f69a9c0e35.jpg,safety_vests_ext2_f2f69a9c0e35,safety_vests_ext2,safety_vests_ext2:image_46,0,1,0,f2f69a9c0e35e8b7c8d9cdac45cf6d982f177560
safety_vests_ext2_a63d5056b941.jpg,safety_vests_ext2_a63d5056b941,safety_vests_ext2,safety_vests_ext2:image_54,0,1,0,a63d5056b941e4e995b46c7b1cb2ba1df776a469
safety_vests_ext2_077cacbfee70.jpg,safety_vests_ext2_077cacbfee70,safety_vests_ext2,safety_vests_ext2:image_55,0,1,0,077cacbfee706e2a6e3f61f4c7b0034fb8dd13fa
safety_vests_ext2_6723134ce290.jpg,safety_vests_ext2_6723134ce290,safety_vests_ext2,safety_vests_ext2:image_56,0,1,0,6723134ce29059705e96c89bf6611134ca132d31
safety_vests_ext2_63fdca9161b7.jpg,safety_vests_ext2_63fdca9161b7,safety_vests_ext2,safety_vests_ext2:image_58,0,1,0,63fdca9161b782b53c1bd7dd7abc2f218a0584c2
safety_vests_ext2_7c8721887ecf.jpg,safety_vests_ext2_7c8721887ecf,safety_vests_ext2,safety_vests_ext2:image_72,0,1,0,7c8721887ecf8c552b16e85fae4473b174fc3b1e
safety_vests_ext2_35c2a098d9fc.jpg,safety_vests_ext2_35c2a098d9fc,safety_vests_ext2,safety_vests_ext2:image_72,0,1,0,35c2a098d9fc8276dce6360a127d1dc6f82bf96b
safety_vests_ext2_04ea995f7927.jpg,safety_vests_ext2_04ea995f7927,safety_vests_ext2,safety_vests_ext2:image_80,0,1,0,04ea995f79272d4d4044e9952c1a5442e4631939
safety_vests_ext2_53b75716994a.jpg,safety_vests_ext2_53b75716994a,safety_vests_ext2,safety_vests_ext2:image_85,0,1,0,53b75716994aa2f290e2a6ebcd9f332067890291
safety_vests_ext2_2607388603dd.jpg,safety_vests_ext2_2607388603dd,safety_vests_ext2,safety_vests_ext2:image_89,0,1,0,2607388603ddbbcf7fbb01b378bbcd8b85a30d54
safety_vests_ext2_beb72aa11732.jpg,safety_vests_ext2_beb72aa11732,safety_vests_ext2,safety_vests_ext2:image_91,0,1,0,beb72aa11732fec2164c32f0c3a8e8c9c6b9e2c3
safety_vests_ext2_9a79bff77c86.jpg,safety_vests_ext2_9a79bff77c86,safety_vests_ext2,safety_vests_ext2:img_006,0,14,0,9a79bff77c86abe0657c72d747b5fd523fcc35bc
safety_vests_ext2_a0561773798d.jpg,safety_vests_ext2_a0561773798d,safety_vests_ext2,safety_vests_ext2:img_007,0,6,0,a0561773798d654e7c9999b94af433bc6df942db
safety_vests_ext2_ffc3d2c9dab7.jpg,safety_vests_ext2_ffc3d2c9dab7,safety_vests_ext2,safety_vests_ext2:img_015_png,0,5,0,ffc3d2c9dab716eb62fcd393fd73b2fb65d10384
safety_vests_ext2_dbfd1e9a33ff.jpg,safety_vests_ext2_dbfd1e9a33ff,safety_vests_ext2,safety_vests_ext2:img_016,0,4,0,dbfd1e9a33ff19a92448f9ab45cd8bf3de9a8ea6
safety_vests_ext2_f2ffcb72c537.jpg,safety_vests_ext2_f2ffcb72c537,safety_vests_ext2,safety_vests_ext2:img_018,0,10,0,f2ffcb72c537913b938ba0754edec2820b61ebd0
safety_vests_ext2_1ee5284ab8a0.jpg,safety_vests_ext2_1ee5284ab8a0,safety_vests_ext2,safety_vests_ext2:img_019,0,9,0,1ee5284ab8a097838241b393f8f81e221cfcac93
safety_vests_ext2_e079d9377179.jpg,safety_vests_ext2_e079d9377179,safety_vests_ext2,safety_vests_ext2:img_021,0,4,0,e079d9377179bb54dc7a3d57fd35aceb8cce398e
safety_vests_ext2_a6e1689766cf.jpg,safety_vests_ext2_a6e1689766cf,safety_vests_ext2,safety_vests_ext2:img_024,0,7,0,a6e1689766cf07431399e50baa6fb43a7a3118ed
safety_vests_ext2_913bde7919c7.jpg,safety_vests_ext2_913bde7919c7,safety_vests_ext2,safety_vests_ext2:img_030,0,1,0,913bde7919c73037131e05a74cb5b5b3d13db0f1
safety_vests_ext2_a42a2c8c05b2.jpg,safety_vests_ext2_a42a2c8c05b2,safety_vests_ext2,safety_vests_ext2:img_031,0,4,0,a42a2c8c05b207716c544e293011ea53790290cd
safety_vests_ext2_e1e9c8624cf0.jpg,safety_vests_ext2_e1e9c8624cf0,safety_vests_ext2,safety_vests_ext2:img_041,0,2,0,e1e9c8624cf069491f70caa8aa6812b0eacc19ef
safety_vests_ext2_c6e5ba121025.jpg,safety_vests_ext2_c6e5ba121025,safety_vests_ext2,safety_vests_ext2:img_044,0,4,0,c6e5ba121025b98fc86f9d8c01809c94b8fc0094
safety_vests_ext2_2f8ae026de09.jpg,safety_vests_ext2_2f8ae026de09,safety_vests_ext2,safety_vests_ext2:pos_1011,0,1,0,2f8ae026de091f141dc5e131c90064ef16306c91
safety_vests_ext2_c221b56de785.jpg,safety_vests_ext2_c221b56de785,safety_vests_ext2,safety_vests_ext2:pos_1038,0,1,0,c221b56de7856e12d6b140842d097183d1e97638
safety_vests_ext2_b5127a118175.jpg,safety_vests_ext2_b5127a118175,safety_vests_ext2,safety_vests_ext2:pos_1128,0,1,0,b5127a118175c057e3c730cfe7784cc492cb3a6d
safety_vests_ext2_8ea2bdeeea90.jpg,safety_vests_ext2_8ea2bdeeea90,safety_vests_ext2,safety_vests_ext2:pos_1368,0,1,0,8ea2bdeeea90c3eeda824eb8575c221cdb9e2f32
safety_vests_ext2_4e4bdc6f8dc7.jpg,safety_vests_ext2_4e4bdc6f8dc7,safety_vests_ext2,safety_vests_ext2:pos_1371,0,1,0,4e4bdc6f8dc79cd027557409818cb28535705878
safety_vests_ext2_f9ae392b962c.jpg,safety_vests_ext2_f9ae392b962c,safety_vests_ext2,safety_vests_ext2:pos_1375,0,3,0,f9ae392b962cde842564380727a7f8b6932ca439
safety_vests_ext2_d68b7f4a35f6.jpg,safety_vests_ext2_d68b7f4a35f6,safety_vests_ext2,safety_vests_ext2:pos_1410,0,1,0,d68b7f4a35f65f80615e8fc302c2f9915d92f367
safety_vests_ext2_5a841d360036.jpg,safety_vests_ext2_5a841d360036,safety_vests_ext2,safety_vests_ext2:pos_1414,0,1,0,5a841d360036a75062d24adfa049baaa787e19c6
safety_vests_ext2_bb4cd4c921a2.jpg,safety_vests_ext2_bb4cd4c921a2,safety_vests_ext2,safety_vests_ext2:pos_141,0,1,0,bb4cd4c921a2866e7a50b8e93b3ed1e2bcd13fa1
safety_vests_ext2_2ee34593e9f9.jpg,safety_vests_ext2_2ee34593e9f9,safety_vests_ext2,safety_vests_ext2:pos_1421,0,1,0,2ee34593e9f947d62a5034feee76fecb5f133d35
safety_vests_ext2_4e29d629e6db.jpg,safety_vests_ext2_4e29d629e6db,safety_vests_ext2,safety_vests_ext2:pos_1428,0,1,0,4e29d629e6dbd228e5ff1a122478f2a79f5cec10
safety_vests_ext2_fbc83559de21.jpg,safety_vests_ext2_fbc83559de21,safety_vests_ext2,safety_vests_ext2:pos_1438,0,2,0,fbc83559de21ba0789fe066c37d8df07666cb594
safety_vests_ext2_29e8aa72d8f8.jpg,safety_vests_ext2_29e8aa72d8f8,safety_vests_ext2,safety_vests_ext2:pos_1444,0,2,0,29e8aa72d8f83af1992026f62fa661f9f8640c9a
safety_vests_ext2_ad6bdfc2647d.jpg,safety_vests_ext2_ad6bdfc2647d,safety_vests_ext2,safety_vests_ext2:pos_1457,0,1,0,ad6bdfc2647d1592e595e558eb9b9b63eeb3bdc1
safety_vests_ext2_ea2b32d6d5e3.jpg,safety_vests_ext2_ea2b32d6d5e3,safety_vests_ext2,safety_vests_ext2:pos_1476,0,1,0,ea2b32d6d5e3ad4a6e2c6331480a845e56394c0e
safety_vests_ext2_f0527a945817.jpg,safety_vests_ext2_f0527a945817,safety_vests_ext2,safety_vests_ext2:pos_1522,0,1,0,f0527a945817a9211bdd37337613fd3754cf66ff
safety_vests_ext2_674aaef6d3ae.jpg,safety_vests_ext2_674aaef6d3ae,safety_vests_ext2,safety_vests_ext2:pos_1524,0,1,0,674aaef6d3ae959b9c4e57ae261a594b442991ea
safety_vests_ext2_d3f5585e84f7.jpg,safety_vests_ext2_d3f5585e84f7,safety_vests_ext2,safety_vests_ext2:pos_1527,0,1,0,d3f5585e84f70986e8e7b5baa3fe09e77b243afb
safety_vests_ext2_d0cbf0230a15.jpg,safety_vests_ext2_d0cbf0230a15,safety_vests_ext2,safety_vests_ext2:pos_1543,0,2,0,d0cbf0230a1532afe9aaf050b2299315133d9d3a
safety_vests_ext2_6bbc1cd8a04c.jpg,safety_vests_ext2_6bbc1cd8a04c,safety_vests_ext2,safety_vests_ext2:pos_1556,0,4,0,6bbc1cd8a04c6f7975c05476bbd1d174390d321f
safety_vests_ext2_398e4ed68d56.jpg,safety_vests_ext2_398e4ed68d56,safety_vests_ext2,safety_vests_ext2:pos_1559,0,2,0,398e4ed68d5660954dd8a189af4f3942daf71c1a
safety_vests_ext2_7b31f97ed46d.jpg,safety_vests_ext2_7b31f97ed46d,safety_vests_ext2,safety_vests_ext2:pos_1569,0,1,0,7b31f97ed46db7853c7a09cd425ff2fe5e421de2
safety_vests_ext2_12fe0133426e.jpg,safety_vests_ext2_12fe0133426e,safety_vests_ext2,safety_vests_ext2:pos_1588,0,2,0,12fe0133426edccce9ba2c59534f23f5021308ae
safety_vests_ext2_6260537c79fd.jpg,safety_vests_ext2_6260537c79fd,safety_vests_ext2,safety_vests_ext2:pos_1592,0,2,0,6260537c79fd574d08537ada248fcc1c2e74b731
safety_vests_ext2_ed731860d165.jpg,safety_vests_ext2_ed731860d165,safety_vests_ext2,safety_vests_ext2:pos_1594,0,2,0,ed731860d165d7dc9577cb4e43821e11d3ce872e
safety_vests_ext2_f3a24d66e5d4.jpg,safety_vests_ext2_f3a24d66e5d4,safety_vests_ext2,safety_vests_ext2:pos_1603,0,1,0,f3a24d66e5d46dab38f60c947b6236f612f0f4e6
safety_vests_ext2_8b0a5ba2d035.jpg,safety_vests_ext2_8b0a5ba2d035,safety_vests_ext2,safety_vests_ext2:pos_1612,0,3,0,8b0a5ba2d035dc99a7b8351337e260731fce294d
safety_vests_ext2_255d52498320.jpg,safety_vests_ext2_255d52498320,safety_vests_ext2,safety_vests_ext2:pos_1653,0,2,0,255d524983209cbd3e62ccc20f42ea4c0b67d950
safety_vests_ext2_3b436ce2d098.jpg,safety_vests_ext2_3b436ce2d098,safety_vests_ext2,safety_vests_ext2:pos_1679,0,1,0,3b436ce2d0981c73e25c23104ceb0acb25c10005
safety_vests_ext2_5fa4a1836ff6.jpg,safety_vests_ext2_5fa4a1836ff6,safety_vests_ext2,safety_vests_ext2:pos_1681,0,2,0,5fa4a1836ff64ee756842780b4df32d887388a75
safety_vests_ext2_4aa029002b4c.jpg,safety_vests_ext2_4aa029002b4c,safety_vests_ext2,safety_vests_ext2:pos_1682,0,3,0,4aa029002b4c4a4e13b1b13736b1fa33eabb5a0d
safety_vests_ext2_2ed3143e1126.jpg,safety_vests_ext2_2ed3143e1126,safety_vests_ext2,safety_vests_ext2:pos_1694,0,1,0,2ed3143e1126ff8c1c8e3eb034704ef81cccf8bf
safety_vests_ext2_1a6e8e53bdcc.jpg,safety_vests_ext2_1a6e8e53bdcc,safety_vests_ext2,safety_vests_ext2:pos_1700,0,2,0,1a6e8e53bdcceec6a6b5cbc46e9d5d39b4ce13cd
safety_vests_ext2_93c5f7a21b2d.jpg,safety_vests_ext2_93c5f7a21b2d,safety_vests_ext2,safety_vests_ext2:pos_1709,0,2,0,93c5f7a21b2d2ed28771d9d763d3187addb7bcc9
safety_vests_ext2_6c2352b99bf8.jpg,safety_vests_ext2_6c2352b99bf8,safety_vests_ext2,safety_vests_ext2:pos_1710,0,2,0,6c2352b99bf84c0ec12344128e5b9bf88536a018
safety_vests_ext2_10729f8ed124.jpg,safety_vests_ext2_10729f8ed124,safety_vests_ext2,safety_vests_ext2:pos_1713,0,2,0,10729f8ed124229c2ff63e75a16a5f48794f853c
safety_vests_ext2_cff2a1ff0c1b.jpg,safety_vests_ext2_cff2a1ff0c1b,safety_vests_ext2,safety_vests_ext2:pos_1714,0,2,0,cff2a1ff0c1b4a76c0f1f0da35ff5715a6bb2743
safety_vests_ext2_81651176ae57.jpg,safety_vests_ext2_81651176ae57,safety_vests_ext2,safety_vests_ext2:pos_1722,0,2,0,81651176ae570de95b33ce5918a6df5825b9afe9
safety_vests_ext2_e605cb02ff74.jpg,safety_vests_ext2_e605cb02ff74,safety_vests_ext2,safety_vests_ext2:pos_1742,0,1,0,e605cb02ff742fb5a43e4e7b86b3113b14fdf267
safety_vests_ext2_d64afeffb928.jpg,safety_vests_ext2_d64afeffb928,safety_vests_ext2,safety_vests_ext2:pos_1777,0,4,0,d64afeffb9281919196009c23091309cdf82245d
safety_vests_ext2_c0ec415417be.jpg,safety_vests_ext2_c0ec415417be,safety_vests_ext2,safety_vests_ext2:pos_1795,0,2,0,c0ec415417beb77bde185db6e015ba9a707b6569
safety_vests_ext2_b584bb477236.jpg,safety_vests_ext2_b584bb477236,safety_vests_ext2,safety_vests_ext2:pos_1810,0,1,0,b584bb477236b91c221a672031df21afc7ae1a3f
safety_vests_ext2_d5202ef2eb15.jpg,safety_vests_ext2_d5202ef2eb15,safety_vests_ext2,safety_vests_ext2:pos_1819,0,2,0,d5202ef2eb1597a278695d2cd9b337250abfca1b
safety_vests_ext2_e9c295650f84.jpg,safety_vests_ext2_e9c295650f84,safety_vests_ext2,safety_vests_ext2:pos_1822,0,2,0,e9c295650f84ecbb96746ac335c3e4bdd4b080c8
safety_vests_ext2_616104179957.jpg,safety_vests_ext2_616104179957,safety_vests_ext2,safety_vests_ext2:pos_1830,0,1,0,61610417995703784e0e43ed061291fbc4f33a06
safety_vests_ext2_1f93878bcfb6.jpg,safety_vests_ext2_1f93878bcfb6,safety_vests_ext2,safety_vests_ext2:pos_1851,0,1,0,1f93878bcfb63b281de9df52c5cf976c3a10221a
safety_vests_ext2_85fb1aee95d0.jpg,safety_vests_ext2_85fb1aee95d0,safety_vests_ext2,safety_vests_ext2:pos_1852,0,1,0,85fb1aee95d03a02f58ae847b60f5efd7ba71ca0
safety_vests_ext2_22fb23bdc3e5.jpg,safety_vests_ext2_22fb23bdc3e5,safety_vests_ext2,safety_vests_ext2:pos_1871,0,2,0,22fb23bdc3e50369da45a637fe3f84571ac73188
safety_vests_ext2_e0762f3a7280.jpg,safety_vests_ext2_e0762f3a7280,safety_vests_ext2,safety_vests_ext2:pos_1876,0,2,0,e0762f3a728015ae3f2c529258f1ede0b3494a1f
safety_vests_ext2_8ac28b4ff0a4.jpg,safety_vests_ext2_8ac28b4ff0a4,safety_vests_ext2,safety_vests_ext2:pos_1888,0,2,0,8ac28b4ff0a4a2a5be7c0917268646077fa0461b
safety_vests_ext2_e584ca475d05.jpg,safety_vests_ext2_e584ca475d05,safety_vests_ext2,safety_vests_ext2:pos_1895,0,2,0,e584ca475d05308816b2a8665dc24140873ada14
safety_vests_ext2_b7b9a27c5186.jpg,safety_vests_ext2_b7b9a27c5186,safety_vests_ext2,safety_vests_ext2:pos_189,0,2,0,b7b9a27c5186509a7293f1235e64531c6c78b013
safety_vests_ext2_ba42788c060b.jpg,safety_vests_ext2_ba42788c060b,safety_vests_ext2,safety_vests_ext2:pos_190,0,3,0,ba42788c060b570f7c8428d0ef2cd10934b4d14d
safety_vests_ext2_2e7bb1f093b5.jpg,safety_vests_ext2_2e7bb1f093b5,safety_vests_ext2,safety_vests_ext2:pos_1920,0,4,0,2e7bb1f093b50fd3fede7892cac7bc8ea5dc866d
safety_vests_ext2_dab09eaf6ed3.jpg,safety_vests_ext2_dab09eaf6ed3,safety_vests_ext2,safety_vests_ext2:pos_1930,0,2,0,dab09eaf6ed3ea4bfdeed97b3b8507e70c192e5b
safety_vests_ext2_311ffc2f34ea.jpg,safety_vests_ext2_311ffc2f34ea,safety_vests_ext2,safety_vests_ext2:pos_1948,0,1,0,311ffc2f34ea8d577f28074c5bbbcfe414534a5a
safety_vests_ext2_106334fc7124.jpg,safety_vests_ext2_106334fc7124,safety_vests_ext2,safety_vests_ext2:pos_194,0,2,0,106334fc712483de9968d7f0844c6dd8bff797b6
safety_vests_ext2_0ee4d5ea49b4.jpg,safety_vests_ext2_0ee4d5ea49b4,safety_vests_ext2,safety_vests_ext2:pos_1952,0,2,0,0ee4d5ea49b4853ccf3ecce750a9f434d8d3769a
safety_vests_ext2_62148bfa07e5.jpg,safety_vests_ext2_62148bfa07e5,safety_vests_ext2,safety_vests_ext2:pos_1960,0,3,0,62148bfa07e5a1f4b8cb1ace8d4b997a55c0eba7
safety_vests_ext2_3b7b925144b2.jpg,safety_vests_ext2_3b7b925144b2,safety_vests_ext2,safety_vests_ext2:pos_1961,0,3,0,3b7b925144b253498d5d8f10f89098e45c7f9792
safety_vests_ext2_6ac319b2a27b.jpg,safety_vests_ext2_6ac319b2a27b,safety_vests_ext2,safety_vests_ext2:pos_1981,0,3,0,6ac319b2a27b24b273862308a455a99daf8f955a
safety_vests_ext2_3485a704fe28.jpg,safety_vests_ext2_3485a704fe28,safety_vests_ext2,safety_vests_ext2:pos_1982,0,3,0,3485a704fe28d0639e26eda8da429b2c3766c246
safety_vests_ext2_dc6c4205408f.jpg,safety_vests_ext2_dc6c4205408f,safety_vests_ext2,safety_vests_ext2:pos_1984,0,1,0,dc6c4205408f09c7184928157d587fd26e31316a
safety_vests_ext2_09d9da57a58f.jpg,safety_vests_ext2_09d9da57a58f,safety_vests_ext2,safety_vests_ext2:pos_1992,0,2,0,09d9da57a58ffe99632671a56f1cee6734d844e2
safety_vests_ext2_f44754578bd7.jpg,safety_vests_ext2_f44754578bd7,safety_vests_ext2,safety_vests_ext2:pos_2035,0,2,0,f44754578bd7d668f0217bb1d8468525aac96eb8
safety_vests_ext2_add9faff91a8.jpg,safety_vests_ext2_add9faff91a8,safety_vests_ext2,safety_vests_ext2:pos_2036,0,1,0,add9faff91a8c45ed8c72b2aabdc3e1d1d563119
safety_vests_ext2_05d4fbd686fc.jpg,safety_vests_ext2_05d4fbd686fc,safety_vests_ext2,safety_vests_ext2:pos_2047,0,1,0,05d4fbd686fcff30ecd9613aaebc854ccd60f559
safety_vests_ext2_13a6cdd2e44a.jpg,safety_vests_ext2_13a6cdd2e44a,safety_vests_ext2,safety_vests_ext2:pos_2067,0,2,0,13a6cdd2e44a1ba9e49353784a014906ded9f355
safety_vests_ext2_91da8efbd439.jpg,safety_vests_ext2_91da8efbd439,safety_vests_ext2,safety_vests_ext2:pos_2069,0,2,0,91da8efbd43969d4279a004373370b94a8219206
safety_vests_ext2_538fcc6d5067.jpg,safety_vests_ext2_538fcc6d5067,safety_vests_ext2,safety_vests_ext2:pos_2096,0,2,0,538fcc6d50679db80bc8c0f8168af61ee71fd3f6
safety_vests_ext2_b8deb760fd3b.jpg,safety_vests_ext2_b8deb760fd3b,safety_vests_ext2,safety_vests_ext2:pos_2104,0,2,0,b8deb760fd3b0bcd0fedd9f093888a508d732eda
safety_vests_ext2_475f8ab57eaf.jpg,safety_vests_ext2_475f8ab57eaf,safety_vests_ext2,safety_vests_ext2:pos_2106,0,2,0,475f8ab57eaf4c5fec56ee5f67ab66d840ccf4e9
safety_vests_ext2_fab23e592012.jpg,safety_vests_ext2_fab23e592012,safety_vests_ext2,safety_vests_ext2:pos_2112,0,2,0,fab23e592012578e89a8d67fbc494fb76684e732
safety_vests_ext2_a117e4a1caff.jpg,safety_vests_ext2_a117e4a1caff,safety_vests_ext2,safety_vests_ext2:pos_2140,0,1,0,a117e4a1caff80438633515217fcb7b15701a41b
safety_vests_ext2_2eb6941ff7e0.jpg,safety_vests_ext2_2eb6941ff7e0,safety_vests_ext2,safety_vests_ext2:pos_2166,0,1,0,2eb6941ff7e09a5dec4ece38912570c44ec335ea
safety_vests_ext2_877b61e35a6a.jpg,safety_vests_ext2_877b61e35a6a,safety_vests_ext2,safety_vests_ext2:pos_2176,0,1,0,877b61e35a6ae324ff8af66ee3ce03854ef0934b
safety_vests_ext2_0cde735ccf93.jpg,safety_vests_ext2_0cde735ccf93,safety_vests_ext2,safety_vests_ext2:pos_21,0,2,0,0cde735ccf932bcd3e3f3258b84c2eb204c6d5fb
safety_vests_ext2_6be979ddcae2.jpg,safety_vests_ext2_6be979ddcae2,safety_vests_ext2,safety_vests_ext2:pos_243,0,2,0,6be979ddcae26dcd258352c5487c8e352f0f1bd2
safety_vests_ext2_60b76708d1d8.jpg,safety_vests_ext2_60b76708d1d8,safety_vests_ext2,safety_vests_ext2:pos_276,0,1,0,60b76708d1d8f66c24abf8d41749158b92d7e542
safety_vests_ext2_cb8b7fec68ff.jpg,safety_vests_ext2_cb8b7fec68ff,safety_vests_ext2,safety_vests_ext2:pos_278,0,1,0,cb8b7fec68ffd9fefada98ffa54d7ce2846330eb
safety_vests_ext2_100643a90b00.jpg,safety_vests_ext2_100643a90b00,safety_vests_ext2,safety_vests_ext2:pos_303,0,2,0,100643a90b0064e7806bd933b518cad625b8babf
safety_vests_ext2_90bbe8069e02.jpg,safety_vests_ext2_90bbe8069e02,safety_vests_ext2,safety_vests_ext2:pos_348,0,1,0,90bbe8069e02fa5bcb1383dfc4817cb3e5b240da
safety_vests_ext2_af751d203fb6.jpg,safety_vests_ext2_af751d203fb6,safety_vests_ext2,safety_vests_ext2:pos_35,0,1,0,af751d203fb63f725f302191c15dee973f0622aa
safety_vests_ext2_2c95482194ae.jpg,safety_vests_ext2_2c95482194ae,safety_vests_ext2,safety_vests_ext2:pos_400,0,2,0,2c95482194ae4d901abbe431a4294b6e6dfd7624
safety_vests_ext2_44f974121017.jpg,safety_vests_ext2_44f974121017,safety_vests_ext2,safety_vests_ext2:pos_432,0,2,0,44f974121017bdb9ad1ee95167dbf1dfcf0c0031
safety_vests_ext2_721d47c72783.jpg,safety_vests_ext2_721d47c72783,safety_vests_ext2,safety_vests_ext2:pos_442,0,2,0,721d47c727838f823f6c75c3bc096fa3fc9c49eb
safety_vests_ext2_a1e52b5e8f5b.jpg,safety_vests_ext2_a1e52b5e8f5b,safety_vests_ext2,safety_vests_ext2:pos_445,0,1,0,a1e52b5e8f5be055d7f06d7255a71c58b372d774
safety_vests_ext2_a7f39d6f37a7.jpg,safety_vests_ext2_a7f39d6f37a7,safety_vests_ext2,safety_vests_ext2:pos_447,0,1,0,a7f39d6f37a736f55c917f60c82c5a131ca037b8
safety_vests_ext2_4a74ad18d423.jpg,safety_vests_ext2_4a74ad18d423,safety_vests_ext2,safety_vests_ext2:pos_457,0,2,0,4a74ad18d423f4d1ddcd2b232e05aa6545fc6d8d
safety_vests_ext2_d1d05d6e0695.jpg,safety_vests_ext2_d1d05d6e0695,safety_vests_ext2,safety_vests_ext2:pos_459,0,2,0,d1d05d6e0695eeb1a74a78846df7b587aca4acd9
safety_vests_ext2_ce63ffd28098.jpg,safety_vests_ext2_ce63ffd28098,safety_vests_ext2,safety_vests_ext2:pos_473,0,1,0,ce63ffd280989af5f89b0723bce77475bfe0a5ae
safety_vests_ext2_18a407e6fec1.jpg,safety_vests_ext2_18a407e6fec1,safety_vests_ext2,safety_vests_ext2:pos_477,0,1,0,18a407e6fec1b79419e6a23fcd1b14b2c01d62d7
safety_vests_ext2_31542ec78a3e.jpg,safety_vests_ext2_31542ec78a3e,safety_vests_ext2,safety_vests_ext2:pos_499,0,2,0,31542ec78a3e6cdee003b6d6e62a7c1990f73ce7
safety_vests_ext2_9d7dd0e28c2e.jpg,safety_vests_ext2_9d7dd0e28c2e,safety_vests_ext2,safety_vests_ext2:pos_502,0,1,0,9d7dd0e28c2eef0df0629fa567e512406ff9e4d6
safety_vests_ext2_e08e0cda2f82.jpg,safety_vests_ext2_e08e0cda2f82,safety_vests_ext2,safety_vests_ext2:pos_504,0,2,0,e08e0cda2f820e4a4d042ed7eca2b5fca7e21700
safety_vests_ext2_5be45544d08e.jpg,safety_vests_ext2_5be45544d08e,safety_vests_ext2,safety_vests_ext2:pos_505,0,1,0,5be45544d08e7739b90895ac279a9eaaf23035e0
safety_vests_ext2_a200e62edd4d.jpg,safety_vests_ext2_a200e62edd4d,safety_vests_ext2,safety_vests_ext2:pos_517,0,2,0,a200e62edd4d20e871bdb3495559d255e3dbab5c
safety_vests_ext2_d1f188ad1ce2.jpg,safety_vests_ext2_d1f188ad1ce2,safety_vests_ext2,safety_vests_ext2:pos_52,0,5,0,d1f188ad1ce251e6377650fa5def9882e4cb996c
safety_vests_ext2_f23bec50f175.jpg,safety_vests_ext2_f23bec50f175,safety_vests_ext2,safety_vests_ext2:pos_533,0,1,0,f23bec50f175c53349fb10e201fddc981aaf9e31
safety_vests_ext2_888aba16d55f.jpg,safety_vests_ext2_888aba16d55f,safety_vests_ext2,safety_vests_ext2:pos_563,0,1,0,888aba16d55f984306a2866e89698f8577d6805d
safety_vests_ext2_b1a9c0e7dd17.jpg,safety_vests_ext2_b1a9c0e7dd17,safety_vests_ext2,safety_vests_ext2:pos_570,0,1,0,b1a9c0e7dd17421359926d32f11b4da8c2ad9dd5
safety_vests_ext2_acf86ee1d7d4.jpg,safety_vests_ext2_acf86ee1d7d4,safety_vests_ext2,safety_vests_ext2:pos_605,0,1,0,acf86ee1d7d4e9327d655f092329e07340b831a0
safety_vests_ext2_4347755d8f60.jpg,safety_vests_ext2_4347755d8f60,safety_vests_ext2,safety_vests_ext2:pos_637,0,1,0,4347755d8f60cb44e4a32accdaf0552a7e30b723
safety_vests_ext2_1e5e145a7a41.jpg,safety_vests_ext2_1e5e145a7a41,safety_vests_ext2,safety_vests_ext2:pos_652,0,1,0,1e5e145a7a41ea9485fe766c8f7d4cde4b8985ae
safety_vests_ext2_27a8cd22ee24.jpg,safety_vests_ext2_27a8cd22ee24,safety_vests_ext2,safety_vests_ext2:pos_681,0,2,0,27a8cd22ee24af339788a5a2c0761b110195f7e0
safety_vests_ext2_759d7322495e.jpg,safety_vests_ext2_759d7322495e,safety_vests_ext2,safety_vests_ext2:pos_740,0,1,0,759d7322495e8c2d32beecd1e87acf92c1f8f814
safety_vests_ext2_58a05e5bfd0b.jpg,safety_vests_ext2_58a05e5bfd0b,safety_vests_ext2,safety_vests_ext2:pos_743,0,2,0,58a05e5bfd0b8f9cae8297acdd066f42b966a222
safety_vests_ext2_3a89e573b13e.jpg,safety_vests_ext2_3a89e573b13e,safety_vests_ext2,safety_vests_ext2:pos_807,0,1,0,3a89e573b13e90c2cb5679ebbdd401ba8ec646a3
safety_vests_ext2_ed0ee51f2c60.jpg,safety_vests_ext2_ed0ee51f2c60,safety_vests_ext2,safety_vests_ext2:pos_820,0,5,0,ed0ee51f2c60f2692fa996b5ccb9a5bbd5bd3dea
safety_vests_ext2_335d68f702f7.jpg,safety_vests_ext2_335d68f702f7,safety_vests_ext2,safety_vests_ext2:pos_873,0,1,0,335d68f702f711980d2c6da79d6f3f492583ee94
safety_vests_ext2_6fb14344b8a5.jpg,safety_vests_ext2_6fb14344b8a5,safety_vests_ext2,safety_vests_ext2:pos_881,0,6,0,6fb14344b8a5f38837176673113a863cf26336ea
safety_vests_ext2_84c536429492.jpg,safety_vests_ext2_84c536429492,safety_vests_ext2,safety_vests_ext2:pos_96,0,1,0,84c5364294922988b61589079599519ef672071f
safety_vests_ext2_1e7614cade0f.jpg,safety_vests_ext2_1e7614cade0f,safety_vests_ext2,safety_vests_ext2:ppe_0006,0,1,0,1e7614cade0fca421cb90bc5a5be55a178779485
safety_vests_ext2_28cb6d886739.jpg,safety_vests_ext2_28cb6d886739,safety_vests_ext2,safety_vests_ext2:ppe_0017,0,1,0,28cb6d8867396d9547160a01482b543042eaa945
safety_vests_ext2_8bdf0e25f875.jpg,safety_vests_ext2_8bdf0e25f875,safety_vests_ext2,safety_vests_ext2:ppe_0050,0,1,0,8bdf0e25f875d70e3e4572f313d3215a5078829c
safety_vests_ext2_78e7b926ba7b.jpg,safety_vests_ext2_78e7b926ba7b,safety_vests_ext2,safety_vests_ext2:ppe_0051,0,1,0,78e7b926ba7b7879d3e7013ca6abf833ccc09768
safety_vests_ext2_b90f8c6add71.jpg,safety_vests_ext2_b90f8c6add71,safety_vests_ext2,safety_vests_ext2:ppe_0080,0,1,0,b90f8c6add71da529d3d2b055ba234f182a84a90
safety_vests_ext2_c71dbb9720fe.jpg,safety_vests_ext2_c71dbb9720fe,safety_vests_ext2,safety_vests_ext2:ppe_0088,0,1,0,c71dbb9720fed17a3e60cc5e692761de60ea70d4
safety_vests_ext2_6459de0653d9.jpg,safety_vests_ext2_6459de0653d9,safety_vests_ext2,safety_vests_ext2:ppe_0100,0,4,0,6459de0653d965a68003b6eb0d851b3a981aeff6
safety_vests_ext2_01e15f4ca396.jpg,safety_vests_ext2_01e15f4ca396,safety_vests_ext2,safety_vests_ext2:ppe_0129,0,3,0,01e15f4ca396c1d0d5d031094beefd7d1381b49f
safety_vests_ext2_de5776df727a.jpg,safety_vests_ext2_de5776df727a,safety_vests_ext2,safety_vests_ext2:ppe_0145,0,1,0,de5776df727a0b3b63fb2a28840c7140c18b8898
safety_vests_ext2_ab2e86c76673.jpg,safety_vests_ext2_ab2e86c76673,safety_vests_ext2,safety_vests_ext2:ppe_0186,0,2,0,ab2e86c7667371a2ace205ce02475b0ec106632b
safety_vests_ext2_443110eae2aa.jpg,safety_vests_ext2_443110eae2aa,safety_vests_ext2,safety_vests_ext2:ppe_0187,0,7,0,443110eae2aa8279548a9c9a0910e5a06f1af88c
safety_vests_ext2_0d9a14c4c701.jpg,safety_vests_ext2_0d9a14c4c701,safety_vests_ext2,safety_vests_ext2:ppe_0205,0,1,0,0d9a14c4c7011d8f43920e108313f5db2e513b8d
safety_vests_ext2_d52e62149246.jpg,safety_vests_ext2_d52e62149246,safety_vests_ext2,safety_vests_ext2:ppe_0251,0,1,0,d52e621492465c6b3ba051657ebd99ae2342ba33
safety_vests_ext2_4ec5b1df1fc2.jpg,safety_vests_ext2_4ec5b1df1fc2,safety_vests_ext2,safety_vests_ext2:ppe_0262,0,1,0,4ec5b1df1fc2d93d0ab97f811b0a0106fa61daff
safety_vests_ext2_0b1ba3daea27.jpg,safety_vests_ext2_0b1ba3daea27,safety_vests_ext2,safety_vests_ext2:ppe_0286,0,1,0,0b1ba3daea27cfa61547e409e81889a91b7ed8ee
safety_vests_ext2_54f7e0c0cdac.jpg,safety_vests_ext2_54f7e0c0cdac,safety_vests_ext2,safety_vests_ext2:ppe_0292,0,4,0,54f7e0c0cdacd033e2475116650f56fbf5925e0b
safety_vests_ext2_49b0c7da2e21.jpg,safety_vests_ext2_49b0c7da2e21,safety_vests_ext2,safety_vests_ext2:ppe_0297,0,1,0,49b0c7da2e2179af1de5ea334a7025d6a06713bb
safety_vests_ext2_3c2daf9a523d.jpg,safety_vests_ext2_3c2daf9a523d,safety_vests_ext2,safety_vests_ext2:ppe_0316,0,2,0,3c2daf9a523de9b8ff9153fc8f4907dd43dde587
safety_vests_ext2_f505af423797.jpg,safety_vests_ext2_f505af423797,safety_vests_ext2,safety_vests_ext2:ppe_0330,0,2,0,f505af4237972c28dee444685fed84ca4072e38b
safety_vests_ext2_e60e12abcade.jpg,safety_vests_ext2_e60e12abcade,safety_vests_ext2,safety_vests_ext2:ppe_0368,0,3,0,e60e12abcaded85a01ff6cd52a78c01e24ab7d4a
safety_vests_ext2_606cea4bb78e.jpg,safety_vests_ext2_606cea4bb78e,safety_vests_ext2,safety_vests_ext2:ppe_0380,0,3,0,606cea4bb78e1bd7d14e8573f3668302ceb4381c
safety_vests_ext2_b2427456e27b.jpg,safety_vests_ext2_b2427456e27b,safety_vests_ext2,safety_vests_ext2:ppe_0388,0,3,0,b2427456e27b3f1d7d362db08c4da3feb7ec92bc
safety_vests_ext2_055c99da28cf.jpg,safety_vests_ext2_055c99da28cf,safety_vests_ext2,safety_vests_ext2:ppe_0441,0,1,0,055c99da28cf067e460b8308212625eea6a5b147
safety_vests_ext2_f2eeb5f017cd.jpg,safety_vests_ext2_f2eeb5f017cd,safety_vests_ext2,safety_vests_ext2:ppe_0459,0,1,0,f2eeb5f017cd5908947ec99247f8433b4bbd63ea
safety_vests_ext2_2aadab250abe.jpg,safety_vests_ext2_2aadab250abe,safety_vests_ext2,safety_vests_ext2:ppe_0481,0,1,0,2aadab250abe349cbd7a37c4e20af3b0ad7eb3cf
safety_vests_ext2_c3a6407c0ee9.jpg,safety_vests_ext2_c3a6407c0ee9,safety_vests_ext2,safety_vests_ext2:ppe_0540,0,4,0,c3a6407c0ee9fbc9eaa46b24d76c6e2b4449eadc
safety_vests_ext2_e85eca278598.jpg,safety_vests_ext2_e85eca278598,safety_vests_ext2,safety_vests_ext2:ppe_0557,0,4,0,e85eca278598528bd91b1a4cdcc7bee7f977eb9d
safety_vests_ext2_5d71f856f4a9.jpg,safety_vests_ext2_5d71f856f4a9,safety_vests_ext2,safety_vests_ext2:ppe_0564,0,4,0,5d71f856f4a9513ef567650b650af7d753fbf88e
safety_vests_ext2_eb0204c52280.jpg,safety_vests_ext2_eb0204c52280,safety_vests_ext2,safety_vests_ext2:ppe_0577,0,4,0,eb0204c522800672d8ac065b2101e3ba92d772e1
safety_vests_ext2_96470fa4606e.jpg,safety_vests_ext2_96470fa4606e,safety_vests_ext2,safety_vests_ext2:ppe_0621,0,2,0,96470fa4606e650ca7aa61239b8d8cb32341fa6a
safety_vests_ext2_800ff6036d4b.jpg,safety_vests_ext2_800ff6036d4b,safety_vests_ext2,safety_vests_ext2:ppe_0624,0,1,0,800ff6036d4bbba2047be9700eb5434f2862c0a6
safety_vests_ext2_25f1c3def8d9.jpg,safety_vests_ext2_25f1c3def8d9,safety_vests_ext2,safety_vests_ext2:ppe_0675,0,1,0,25f1c3def8d9ac94546ab6cbc97ffdeabb5ae532
safety_vests_ext2_117d93fcd6b2.jpg,safety_vests_ext2_117d93fcd6b2,safety_vests_ext2,safety_vests_ext2:ppe_0677,0,1,0,117d93fcd6b2438c47c94a007fb4796bb4385e73
safety_vests_ext2_91ab8e5ad8c0.jpg,safety_vests_ext2_91ab8e5ad8c0,safety_vests_ext2,safety_vests_ext2:ppe_0687,0,1,0,91ab8e5ad8c07b65d76e185d2d961f8dddda9b17
safety_vests_ext2_a59846a0efb5.jpg,safety_vests_ext2_a59846a0efb5,safety_vests_ext2,safety_vests_ext2:ppe_0701,0,4,0,a59846a0efb5c6e4e3eaed26fac13d69671e483d
safety_vests_ext2_455caaa858fd.jpg,safety_vests_ext2_455caaa858fd,safety_vests_ext2,safety_vests_ext2:ppe_0707,0,1,0,455caaa858fdc58b5e01c281f37e254726080d8e
safety_vests_ext2_a2a54aaecc9b.jpg,safety_vests_ext2_a2a54aaecc9b,safety_vests_ext2,safety_vests_ext2:ppe_0710,0,7,0,a2a54aaecc9bdc919828be45c0cd6d27b413b098
safety_vests_ext2_4d6d65a64031.jpg,safety_vests_ext2_4d6d65a64031,safety_vests_ext2,safety_vests_ext2:ppe_0730,0,1,0,4d6d65a64031f263f5f3830accb76b8f4454925d
safety_vests_ext2_ae1334e275cf.jpg,safety_vests_ext2_ae1334e275cf,safety_vests_ext2,safety_vests_ext2:ppe_0772,0,2,0,ae1334e275cf0b3cda19fbacb2ecf8e794a22048
safety_vests_ext2_238c7481c0e5.jpg,safety_vests_ext2_238c7481c0e5,safety_vests_ext2,safety_vests_ext2:ppe_0807,0,2,0,238c7481c0e54648d9e6aea324a1cded1733884b
safety_vests_ext2_da0e470f1213.jpg,safety_vests_ext2_da0e470f1213,safety_vests_ext2,safety_vests_ext2:ppe_0811,0,2,0,da0e470f1213160eb99f027683904b95ead7cdc4
safety_vests_ext2_687c2d25f3d2.jpg,safety_vests_ext2_687c2d25f3d2,safety_vests_ext2,safety_vests_ext2:ppe_0849,0,2,0,687c2d25f3d262df1dfa402b89a8074b6dc5d52d
safety_vests_ext2_0a3dcf71637c.jpg,safety_vests_ext2_0a3dcf71637c,safety_vests_ext2,safety_vests_ext2:ppe_0869,0,1,0,0a3dcf71637c196aa01d59a0227ac3fccbeae583
safety_vests_ext2_acb7afc3c310.jpg,safety_vests_ext2_acb7afc3c310,safety_vests_ext2,safety_vests_ext2:ppe_0875,0,1,0,acb7afc3c310de721163d537008d7b8740533b4a
safety_vests_ext2_3461c4135483.jpg,safety_vests_ext2_3461c4135483,safety_vests_ext2,safety_vests_ext2:ppe_0914,0,1,0,3461c4135483c9d910c522649ad9d8d21b3cdacd
safety_vests_ext2_0452ff07c692.jpg,safety_vests_ext2_0452ff07c692,safety_vests_ext2,safety_vests_ext2:ppe_0993,0,3,0,0452ff07c692182a712fdbdb5040ec23665129ae
safety_vests_ext2_c74f4c963ea6.jpg,safety_vests_ext2_c74f4c963ea6,safety_vests_ext2,safety_vests_ext2:ppe_0994,0,2,0,c74f4c963ea63d37d9d0a32e39170d19e0b0b10a
safety_vests_ext2_08c949d72ea1.jpg,safety_vests_ext2_08c949d72ea1,safety_vests_ext2,safety_vests_ext2:ppe_1006,0,5,0,08c949d72ea1f69737033f2505363f19de938447
safety_vests_ext2_e693efa4448b.jpg,safety_vests_ext2_e693efa4448b,safety_vests_ext2,safety_vests_ext2:ppe_1022,0,3,0,e693efa4448b4ecb561c2025b4a8f2580a5bb711
safety_vests_ext2_e2e28c453c41.jpg,safety_vests_ext2_e2e28c453c41,safety_vests_ext2,safety_vests_ext2:ppe_1039,0,1,0,e2e28c453c4139cea6e52da9fe1eb7954a30ef5f
safety_vests_ext2_1a71c824f329.jpg,safety_vests_ext2_1a71c824f329,safety_vests_ext2,safety_vests_ext2:ppe_1049,0,1,0,1a71c824f32974d86515a89b796f215c5c28a743
safety_vests_ext2_6697d0e585a8.jpg,safety_vests_ext2_6697d0e585a8,safety_vests_ext2,safety_vests_ext2:ppe_1073,0,6,0,6697d0e585a8d95d39c9a9746e3ca096987c445c
safety_vests_ext2_9796b95186c6.jpg,safety_vests_ext2_9796b95186c6,safety_vests_ext2,safety_vests_ext2:ppe_1142,0,1,0,9796b95186c623243ea5e40af060d7db8b9beca1
safety_vests_ext2_f9ede25d63b9.jpg,safety_vests_ext2_f9ede25d63b9,safety_vests_ext2,safety_vests_ext2:ppe_1158,0,1,0,f9ede25d63b9bfe9e1cb83bf77f92e300f29aa84
safety_vests_ext2_0c4f64c1f283.jpg,safety_vests_ext2_0c4f64c1f283,safety_vests_ext2,safety_vests_ext2:ppe_1190,0,2,0,0c4f64c1f2839426e6f9f8a645b711f157ee3b01
safety_vests_ext2_52bf0bb6786b.jpg,safety_vests_ext2_52bf0bb6786b,safety_vests_ext2,safety_vests_ext2:ppe_1202,0,1,0,52bf0bb6786b58cec1a1ee4a19a31e15fe6a0177
safety_vests_ext2_dfc8504462a9.jpg,safety_vests_ext2_dfc8504462a9,safety_vests_ext2,safety_vests_ext2:ppe_1227,0,3,0,dfc8504462a9117652080bfc361747be08f65a18
safety_vests_ext2_39520079158c.jpg,safety_vests_ext2_39520079158c,safety_vests_ext2,safety_vests_ext2:working_workers_construction_military_person_labor_build_helmet-673259,0,1,0,39520079158c3ca9dc2b4ed2f4e865cc7db89ffd
