group_id,n_images
oodneg:youtube,14
oodneg:2008,12
vest_ext:image_34,6
oodneg:2297-_png,5
oodneg:01261,5
oodneg:01437,5
oodneg:165,5
oodneg:2252-_png,4
oodneg:2270-_png,4
oodneg:2544-_png,4
oodneg:I1-MS09uaqsLdGTFkgnS0Rcg1mmPyAj95ySg_eckoM_jpeg,4
oodneg:01094,4
oodneg:1288788-une-employee-aide-des-voyageurs-en-provenance-de-chine-le-26-janvier-2020-a-l-aeroport-de-roissy,4
oodneg:129,4
oodneg:135e-huxwryw6451820,4
oodneg:1582,4
vest_ext:image_103,4
vest_ext:image_108,4
vest_ext:image_111,4
vest_ext:image_125,4
vest_ext:image_127,4
vest_ext:image_128,4
vest_ext:image_14,4
vest_ext:image_150,4
vest_ext:image_163,4
vest_ext:image_165,4
vest_ext:image_166,4
vest_ext:image_168,4
vest_ext:image_18,4
vest_ext:image_193,4
vest_ext:image_19,4
vest_ext:image_21,4
vest_ext:image_33,4
vest_ext:image_35,4
vest_ext:image_36,4
vest_ext:image_43,4
vest_ext:image_47,4
vest_ext:image_50,4
vest_ext:image_51,4
vest_ext:image_53,4
vest_ext:image_60,4
vest_ext:image_73,4
vest_ext:image_94,4
oodneg:autox3_mp4,3
oodneg:1680-_png,3
oodneg:1975-_png,3
oodneg:01235,3
oodneg:02629,3
vest_ext:Image12,3
vest_ext:Image16,3
vest_ext:Image17,3
vest_ext:Image21,3
vest_ext:Image22,3
vest_ext:Image23,3
vest_ext:Image25,3
vest_ext:Image2,3
vest_ext:Image31,3
vest_ext:Image34,3
vest_ext:Image35,3
vest_ext:Image38,3
vest_ext:Image40,3
vest_ext:Image43,3
vest_ext:Image48,3
vest_ext:Image4,3
vest_ext:Image51,3
vest_ext:Image53,3
vest_ext:Image54,3
vest_ext:Image55,3
vest_ext:Image56,3
vest_ext:Image57,3
vest_ext:Image5,3
vest_ext:Image60,3
vest_ext:Image63,3
vest_ext:Image64,3
vest_ext:Image66,3
vest_ext:Image67,3
vest_ext:Image68,3
vest_ext:Image69,3
vest_ext:Image70,3
vest_ext:Image71,3
vest_ext:Image73,3
vest_ext:Image75,3
vest_ext:Image76,3
vest_ext:Image77,3
vest_ext:Image79,3
vest_ext:Image80,3
vest_ext:image_100,3
vest_ext:image_101,3
vest_ext:image_106,3
vest_ext:image_107,3
vest_ext:image_109,3
vest_ext:image_110,3
vest_ext:image_118,3
vest_ext:image_119,3
vest_ext:image_120,3
vest_ext:image_123,3
vest_ext:image_129,3
vest_ext:image_136,3
vest_ext:image_137,3
vest_ext:image_138,3
vest_ext:image_139,3
vest_ext:image_142,3
vest_ext:image_144,3
vest_ext:image_146,3
vest_ext:image_151,3
vest_ext:image_154,3
vest_ext:image_155,3
vest_ext:image_158,3
vest_ext:image_159,3
vest_ext:image_15,3
vest_ext:image_160,3
vest_ext:image_161,3
vest_ext:image_162,3
vest_ext:image_164,3
vest_ext:image_167,3
vest_ext:image_16,3
vest_ext:image_170,3
vest_ext:image_179,3
vest_ext:image_17,3
vest_ext:image_180,3
vest_ext:image_184,3
vest_ext:image_185,3
vest_ext:image_190,3
vest_ext:image_20,3
vest_ext:image_225,3
vest_ext:image_231,3
vest_ext:image_24,3
vest_ext:image_25,3
vest_ext:image_26,3
vest_ext:image_29,3
vest_ext:image_37,3
vest_ext:image_38,3
vest_ext:image_39,3
vest_ext:image_40,3
vest_ext:image_41,3
vest_ext:image_42,3
vest_ext:image_44,3
vest_ext:image_45,3
vest_ext:image_46,3
vest_ext:image_48,3
vest_ext:image_49,3
vest_ext:image_52,3
vest_ext:image_62,3
vest_ext:image_66,3
vest_ext:image_70,3
vest_ext:image_78,3
vest_ext:image_84,3
vest_ext:image_95,3
vest_ext:image_97,3
vest_ext:image_99,3
vest_ext:img_001,3
vest_ext:img_003,3
vest_ext:img_008,3
vest_ext:img_009,3
vest_ext:img_010,3
vest_ext:img_011_jpeg,3
vest_ext:img_014,3
vest_ext:img_023,3
vest_ext:img_026,3
vest_ext:img_028,3
vest_ext:img_029,3
vest_ext:img_033,3
vest_ext:img_034,3
vest_ext:img_035_png,3
vest_ext:img_036,3
vest_ext:img_037,3
vest_ext:img_038,3
vest_ext:img_039,3
vest_ext:img_040,3
vest_ext:img_042,3
vest_ext:img_046,3
vest_ext:img_049,3
vest_ext:img_050,3
vest_ext:img_051_jpeg,3
vest_ext:img_053,3
vest_ext:img_054,3
vest_ext:img_055,3
vest_ext:img_057,3
vest_ext:img_059,3
vest_ext:img_060,3
oodneg:1670-_png,2
oodneg:3394-_png,2
vest_ext:Image14,2
vest_ext:Image15,2
vest_ext:Image18,2
vest_ext:Image1,2
vest_ext:Image26,2
vest_ext:Image27,2
vest_ext:Image28,2
vest_ext:Image29,2
vest_ext:Image30,2
vest_ext:Image33,2
vest_ext:Image36,2
vest_ext:Image3,2
vest_ext:Image44,2
vest_ext:Image47,2
vest_ext:Image49,2
vest_ext:Image61,2
vest_ext:Image74,2
vest_ext:Image78,2
vest_ext:Image7,2
vest_ext:Image9,2
vest_ext:image_104,2
vest_ext:image_105,2
vest_ext:image_115,2
vest_ext:image_116,2
vest_ext:image_117,2
vest_ext:image_11,2
vest_ext:image_121,2
vest_ext:image_122,2
vest_ext:image_124,2
vest_ext:image_126,2
vest_ext:image_12,2
vest_ext:image_130,2
vest_ext:image_131,2
vest_ext:image_133,2
vest_ext:image_13,2
vest_ext:image_140,2
vest_ext:image_143,2
vest_ext:image_145,2
vest_ext:image_149,2
vest_ext:image_152,2
vest_ext:image_153,2
vest_ext:image_156,2
vest_ext:image_169,2
vest_ext:image_171,2
vest_ext:image_173,2
vest_ext:image_174,2
vest_ext:image_175,2
vest_ext:image_176,2
vest_ext:image_177,2
vest_ext:image_178,2
vest_ext:image_183,2
vest_ext:image_191,2
vest_ext:image_192,2
vest_ext:image_194,2
vest_ext:image_195,2
vest_ext:image_198,2
vest_ext:image_199,2
vest_ext:image_200,2
vest_ext:image_202,2
vest_ext:image_211,2
vest_ext:image_212,2
vest_ext:image_213,2
vest_ext:image_215,2
vest_ext:image_216,2
vest_ext:image_217,2
vest_ext:image_220,2
vest_ext:image_221,2
vest_ext:image_223,2
vest_ext:image_224,2
vest_ext:image_226,2
vest_ext:image_227,2
vest_ext:image_232,2
vest_ext:image_235,2
vest_ext:image_236,2
vest_ext:image_238,2
vest_ext:image_23,2
vest_ext:image_240,2
vest_ext:image_241,2
vest_ext:image_243,2
vest_ext:image_256,2
vest_ext:image_257,2
vest_ext:image_258,2
vest_ext:image_262,2
vest_ext:image_263,2
vest_ext:image_31,2
vest_ext:image_54,2
vest_ext:image_55,2
vest_ext:image_58,2
vest_ext:image_64,2
vest_ext:image_67,2
vest_ext:image_68,2
vest_ext:image_69,2
vest_ext:image_75,2
vest_ext:image_76,2
vest_ext:image_77,2
vest_ext:image_81,2
vest_ext:image_83,2
vest_ext:image_86,2
vest_ext:image_88,2
vest_ext:image_90,2
vest_ext:image_93,2
vest_ext:image_96,2
vest_ext:image_98,2
vest_ext:img_002,2
vest_ext:img_005,2
vest_ext:img_006,2
vest_ext:img_013_jpeg,2
vest_ext:img_015_png,2
vest_ext:img_016,2
vest_ext:img_018,2
vest_ext:img_020_jpeg,2
vest_ext:img_021,2
vest_ext:img_022,2
vest_ext:img_032,2
vest_ext:img_041,2
vest_ext:img_043,2
vest_ext:img_047,2
vest_ext:img_056,2
vest_ext:Image19,2
vest_ext:image_229,2
vest_ext:img_031,2
vest_ext:img_044,2
