test_dir,test_file,match_type,train_file,distance
research_phases/dataset_test_isaac/images,00014_jpg.rf.d09578aee2475435c82f0847e0980814.jpg,exact,ppe_train_image108_5d38eab888,0
research_phases/dataset_test_isaac/images,20220621_132901_jpg.rf.592772df084e3c497ac6401e0b9022d8.jpg,exact,ppe_train_image982_44a50b451f,0
research_phases/dataset_test_isaac/images,20220621_132901_jpg.rf.5c419bef30f35c59ca872f88d4e1d4c4.jpg,exact,ppe_train_image971_b6165a3b1e,0
research_phases/dataset_test_isaac/images,20220621_132920_jpg.rf.cd1539929a338a66b1e54ed9462b045d.jpg,exact,ppe_val_image989_fffd93113a,0
research_phases/dataset_test_isaac/images,Aitin0586_jpg.rf.8c8c7e8437fe4d8e8c0a62d567de77d4.jpg,exact,ppe_train_image586_4294a81ba8,0
research_phases/dataset_test_isaac/images,Aitin0937_jpg.rf.29df12e6bde9212461d58368bfab7b96.jpg,exact,ppe_train_image600_64623cf88c,0
research_phases/dataset_test_isaac/images,Aitin1170_jpg.rf.c8915dbe9336e4cd93885cc804c75f91.jpg,exact,ppe_train_image601_42e5c29807,0
research_phases/dataset_test_isaac/images,Aitin2742_jpg.rf.9e9ff702a626eaef292022e2571af725.jpg,exact,ppe_train_image606_d871e02863,0
research_phases/dataset_test_isaac/images,Aitin3626_jpg.rf.1862483193fe32b8e66329ad18de741a.jpg,exact,ppe_train_image614_c4b6b2441f,0
research_phases/dataset_test_isaac/images,Aitin3852_jpg.rf.b5a62d6ff77df137ff79be8709e41a8f.jpg,exact,ppe_val_image615_1be6a1e01e,0
research_phases/dataset_test_isaac/images,KakaoTalk_20221018_001219713_15_jpg.rf.9a1d6a0a6fe4cab35790f33cab8aa7b9.jpg,exact,ppe_train_image755_a4634a48a4,0
research_phases/dataset_test_isaac/images,KakaoTalk_20221018_001219713_16_jpg.rf.3e1962d42ac5cc3ddd6d5e674f4c6154.jpg,exact,ppe_val_image759_8a655150b8,0
research_phases/dataset_test_isaac/images,KakaoTalk_20221018_001219713_24_jpg.rf.a665d5640809fa82b1074686ac11c389.jpg,exact,ppe_val_image763_4b9f6c36c0,0
research_phases/dataset_test_isaac/images,KakaoTalk_20221018_001219713_26_jpg.rf.0762c08b710d48c7d07d8160dd1d444e.jpg,exact,ppe_train_image765_dbeeb512b2,0
research_phases/dataset_test_isaac/images,KakaoTalk_20221018_001312059_02_jpg.rf.df5ab1ff8331cf70e20fde0b3a1fe3fe.jpg,exact,ppe_train_image768_c3d4480f1d,0
research_phases/dataset_test_isaac/images,KakaoTalk_20221018_001425789_06_jpg.rf.be98a2225581d64da55d73393d909d4b.jpg,exact,ppe_train_image770_f78cd816c8,0
research_phases/dataset_test_isaac/images,KakaoTalk_20221018_001425789_07_jpg.rf.97a5b23af6baa5cf651b0563818f326c.jpg,exact,ppe_val_image771_1b5d986fa4,0
research_phases/dataset_test_isaac/images,KakaoTalk_20221018_001605157_12_jpg.rf.7671f06e0687e97aeb0268985708ba7b.jpg,exact,ppe_train_image777_4f8687ad05,0
research_phases/dataset_test_isaac/images,KakaoTalk_20221018_001605157_29_jpg.rf.0d8d645862252bb2390ae7e17db59aba.jpg,exact,ppe_train_image780_f2df3dcfbc,0
research_phases/dataset_test_isaac/images,KakaoTalk_20221018_001726988_01_jpg.rf.bffc99b8df2d44a446146750022015db.jpg,exact,ppe_train_image781_7e6b160119,0
research_phases/dataset_test_isaac/images,KakaoTalk_20221018_001836614_12_jpg.rf.75cbf3ff40edb1a52818841fa55dfca0.jpg,exact,ppe_train_image788_74c8467e91,0
research_phases/dataset_test_isaac/images,Tan0150150_jpg.rf.50d8ac338b93e5a5be04942f64c6fcdc.jpg,exact,ppe_train_image816_e4bd05c21f,0
research_phases/dataset_test_isaac/images,Tan0365365_jpg.rf.0a36f40f4c40a147609d69a8613164e1.jpg,exact,ppe_train_image821_f13210e876,0
research_phases/dataset_test_isaac/images,Tan0500500_jpg.rf.655a84b7643d1a297957efb322cab0f9.jpg,exact,ppe_train_image822_dbd1cb4902,0
research_phases/dataset_test_isaac/images,Tan0532532_jpg.rf.0fca1830145e27338821c3d700b51e94.jpg,exact,ppe_train_image823_f21f9cfcb3,0
research_phases/dataset_test_isaac/images,Tan0639639_jpg.rf.c6fdb96b5f384faa0fa9282400ac52ae.jpg,exact,ppe_val_image826_04025d39b3,0
research_phases/dataset_test_isaac/images,Tan0827827_jpg.rf.72f3f3ce074dcea6cbfeb5afe6fc88d6.jpg,exact,ppe_train_image829_235d8e4849,0
research_phases/dataset_test_isaac/images,Tan0914914_jpg.rf.2b748218515660621dfe1d6fd6912188.jpg,exact,ppe_train_image832_28b0863354,0
research_phases/dataset_test_isaac/images,Tan0972972_jpg.rf.b3dc9cd4cd035396ce1153b4063190cf.jpg,exact,ppe_train_image835_3d809a83bf,0
research_phases/dataset_test_isaac/images,Video1_13_jpg.rf.e919feda2a6bcaf6e0b3158336d92ede.jpg,exact,ppe_train_image855_fdceb86f45,0
research_phases/dataset_test_isaac/images,Video1_164_jpg.rf.154e03e91f09e9eb2f03a945616ffb50.jpg,exact,ppe_train_image877_9ae387dc94,0
research_phases/dataset_test_isaac/images,Video1_168_jpg.rf.48f79fd2ac7304d902ff66b7acc18a06.jpg,exact,ppe_train_image878_1d1d3a335b,0
research_phases/dataset_test_isaac/images,Video1_16_jpg.rf.91d21fd7ffcf50a375a496d66f2a86ca.jpg,exact,ppe_train_image856_a654a594c3,0
research_phases/dataset_test_isaac/images,Video1_172_jpg.rf.7458f7ee8508ced8578ccd5e338a11b6.jpg,exact,ppe_train_image881_0dd78a0b24,0
research_phases/dataset_test_isaac/images,Video1_173_jpg.rf.07c78cb22a09c2a2c6a3a8041ad4f8a1.jpg,exact,ppe_train_image882_a94a22d291,0
research_phases/dataset_test_isaac/images,Video1_174_jpg.rf.3b69e3beb862fff291dc45d74dfe7b3f.jpg,exact,ppe_train_image883_085b868d16,0
research_phases/dataset_test_isaac/images,Video1_178_jpg.rf.2248ad2232ecbc5a11ae02a63f3d1f66.jpg,exact,ppe_train_image888_6f693af014,0
research_phases/dataset_test_isaac/images,Video1_180_jpg.rf.641728d3d0cbdd306f6e402c1a64dcff.jpg,exact,ppe_train_image890_49098458d8,0
research_phases/dataset_test_isaac/images,Video1_183_jpg.rf.a7bf7c76be2fa359c671f5317e51c7fb.jpg,exact,ppe_train_image892_464e274692,0
research_phases/dataset_test_isaac/images,Video1_185_jpg.rf.a413f7092710e0c0f3f3185c4889421d.jpg,exact,ppe_train_image893_55077b8779,0
research_phases/dataset_test_isaac/images,Video1_194_jpg.rf.0d355a10342baeb6f5c80cd0528341dd.jpg,exact,ppe_train_image900_ad2d7028cf,0
research_phases/dataset_test_isaac/images,Video1_197_jpg.rf.53c80ac1d09af815c087381b53820476.jpg,exact,ppe_train_image902_e0f4136916,0
research_phases/dataset_test_isaac/images,Video1_198_jpg.rf.38c4b098881026a33b3021d8568dcb6c.jpg,exact,ppe_train_image903_a68069e3ce,0
research_phases/dataset_test_isaac/images,Video1_205_jpg.rf.dff361c4e372bdefa418927a7bd68f2c.jpg,exact,ppe_train_image909_b5e115d126,0
research_phases/dataset_test_isaac/images,Video1_209_jpg.rf.34dc38eac094392fead9a0a935c5ae6f.jpg,exact,ppe_train_image911_ba2f2dbea3,0
research_phases/dataset_test_isaac/images,Video1_215_jpg.rf.e91d80c2b4b80e0e685b8933518f9d5b.jpg,exact,ppe_train_image912_09bb45ba7c,0
research_phases/dataset_test_isaac/images,Video1_219_jpg.rf.f3245c841e7577da4c39f28feae337ae.jpg,exact,ppe_train_image916_38b8152603,0
research_phases/dataset_test_isaac/images,Video1_29_jpg.rf.d8e845c90e4fcb7391a726781047f1e2.jpg,exact,ppe_train_image857_b4f840b6cf,0
research_phases/dataset_test_isaac/images,Video1_36_jpg.rf.eb0dfe5331d958e6ba7509170e309238.jpg,exact,ppe_train_image861_3a1eb1fad0,0
research_phases/dataset_test_isaac/images,Video1_38_jpg.rf.e8a260e37421d12a3e6135eb82d5ae2a.jpg,exact,ppe_train_image862_543651e539,0
research_phases/dataset_test_isaac/images,Video1_42_jpg.rf.13458928a183274544061da325387e20.jpg,exact,ppe_train_image863_dfef6805a9,0
research_phases/dataset_test_isaac/images,Video1_55_jpg.rf.ac4ea81746611582c3d7ee65632c6a9e.jpg,exact,ppe_train_image869_75632745bf,0
research_phases/dataset_test_isaac/images,Video1_57_jpg.rf.f2997612704c479ad2bcce19ddb897de.jpg,exact,ppe_train_image870_035b651448,0
research_phases/dataset_test_isaac/images,Video1_58_jpg.rf.49167c215d1384bb73a6d61dce0fe5cc.jpg,exact,ppe_train_image871_0b0c60cc4c,0
research_phases/dataset_test_isaac/images,Video1_9_jpg.rf.260b51d0a6b3bd4f1c2062e227427872.jpg,exact,ppe_train_image854_1c149e2b29,0
research_phases/dataset_test_isaac/images,Video2_11_jpg.rf.23887bf5cb434ae7ec7fe483d604e74e.jpg,exact,ppe_train_image926_577b522fbf,0
research_phases/dataset_test_isaac/images,Video2_130_jpg.rf.4c3bc5016eb5ce4d75716ef4cd19f222.jpg,exact,ppe_train_image957_297262dff1,0
research_phases/dataset_test_isaac/images,Video2_132_jpg.rf.fe2d621f0314bd1138cdbb40b47c47d4.jpg,exact,ppe_train_image958_2beed5021d,0
research_phases/dataset_test_isaac/images,Video2_133_jpg.rf.72beb39102f74cb03f9a3cc8d5a2bf2a.jpg,exact,ppe_train_image959_dc7dd4df02,0
research_phases/dataset_test_isaac/images,Video2_138_jpg.rf.340b29502790a12940d9afa150225162.jpg,exact,ppe_train_image966_d23d65da24,0
research_phases/dataset_test_isaac/images,Video2_147_jpg.rf.00def4e1197c745256cbe1e879fad080.jpg,exact,ppe_train_image967_807727338b,0
research_phases/dataset_test_isaac/images,Video2_148_jpg.rf.ffb61f3707683bdd7f8744064809be4a.jpg,exact,ppe_train_image968_865ec91f91,0
research_phases/dataset_test_isaac/images,Video2_164_jpg.rf.b078254b793a1132b06acf116388256f.jpg,exact,ppe_train_image969_0c2376c707,0
research_phases/dataset_test_isaac/images,Video2_16_jpg.rf.b7b7524500fc2a643eef4ccf669a930f.jpg,exact,ppe_train_image928_03e346dca9,0
research_phases/dataset_test_isaac/images,Video2_176_jpg.rf.8c71812aaeeea02cf2852b34b5e28ed8.jpg,exact,ppe_train_image973_9fa80272f1,0
research_phases/dataset_test_isaac/images,Video2_178_jpg.rf.002e49707a4461dc1e641e6e74a29417.jpg,exact,ppe_train_image974_e0ca3ced74,0
research_phases/dataset_test_isaac/images,Video2_182_jpg.rf.decc1c684333582d722faecc74ef2dd4.jpg,exact,ppe_train_image975_7921841783,0
research_phases/dataset_test_isaac/images,Video2_183_jpg.rf.e44de8f045fabd30b940aa12687856a5.jpg,exact,ppe_train_image977_878dbc799e,0
research_phases/dataset_test_isaac/images,Video2_20_jpg.rf.f6cc5ce1a7eb99977612c40cf7eded53.jpg,exact,ppe_train_image929_4cd02d3263,0
research_phases/dataset_test_isaac/images,Video2_33_jpg.rf.7301d72e2091e745627322e675c2b982.jpg,exact,ppe_train_image932_eb601f70c0,0
research_phases/dataset_test_isaac/images,Video2_41_jpg.rf.9353ea467b9e8d357ec42d53becc4272.jpg,exact,ppe_train_image936_583ebfc54e,0
research_phases/dataset_test_isaac/images,Video2_42_jpg.rf.230697a8a0c91714d8278fc6e398a089.jpg,exact,ppe_train_image937_0b12982868,0
research_phases/dataset_test_isaac/images,Video2_44_jpg.rf.4dfc4c7977e709dc580606e19ace73fc.jpg,exact,ppe_train_image938_cedf338814,0
research_phases/dataset_test_isaac/images,Video2_45_jpg.rf.68bb8ac53648028689fc75b17116a275.jpg,exact,ppe_train_image941_e1cfff3b79,0
research_phases/dataset_test_isaac/images,Video2_50_jpg.rf.5cebbf921a1be97819ebc369a4662f5b.jpg,exact,ppe_train_image944_e332cb252e,0
research_phases/dataset_test_isaac/images,Video2_51_jpg.rf.7ca10122f8c8e05ac7c0f8ea5698959c.jpg,exact,ppe_train_image945_c2296b995b,0
research_phases/dataset_test_isaac/images,Video2_82_jpg.rf.0760b0653c7969c1a2104d70441add03.jpg,exact,ppe_train_image946_6223914e6b,0
research_phases/dataset_test_isaac/images,Video2_84_jpg.rf.66c8f69152a3f3481bb8e9c2dcdeb938.jpg,exact,ppe_train_image947_5c51d12a8d,0
research_phases/dataset_test_isaac/images,Video2_85_jpg.rf.ccc97434f448cd3a0a3a79557d35de31.jpg,exact,ppe_train_image948_d3567a060e,0
research_phases/dataset_test_isaac/images,Video2_91_jpg.rf.3963fd5943eda7fef6584ca1351c483b.jpg,exact,ppe_val_image955_c36a44a242,0
research_phases/dataset_test_isaac/images,Video2_9_jpg.rf.d59ea644cdb6c2f198f2b13d5fe5875f.jpg,exact,ppe_train_image925_e7d96f59b5,0
research_phases/dataset_test_isaac/images,Video3_153_jpg.rf.8ade14c59f41d72913e79ee0079487a3.jpg,exact,ppe_train_image1012_63e5079a80,0
research_phases/dataset_test_isaac/images,Video3_163_jpg.rf.dbf59357d8b8ccb8f64f111d9337c478.jpg,exact,ppe_train_image1018_d494195b9c,0
research_phases/dataset_test_isaac/images,Video3_167_jpg.rf.c7ed9d0cee106cd1023e4def07c3e1c0.jpg,exact,ppe_train_image1020_c44dfe5d04,0
research_phases/dataset_test_isaac/images,Video3_17_jpg.rf.f046b3fd1cc8d4a2dc36a6296f42fb94.jpg,exact,ppe_train_image983_dc5c221eed,0
research_phases/dataset_test_isaac/images,Video3_18_jpg.rf.a57131824790015c9f22e9283d3b751f.jpg,exact,ppe_train_image984_c74c883d77,0
research_phases/dataset_test_isaac/images,Video3_20_jpg.rf.1b2b5a08d01813839fc162a9af207131.jpg,exact,ppe_train_image985_fa36e9f79d,0
research_phases/dataset_test_isaac/images,Video3_222_jpg.rf.d32780707e9a8606f88b1b669c6928df.jpg,exact,ppe_train_image1022_93bc83c3cd,0
research_phases/dataset_test_isaac/images,Video3_228_jpg.rf.083643b608a56a7f41ceffb159d1c79a.jpg,exact,ppe_train_image1027_338f6c36e9,0
research_phases/dataset_test_isaac/images,Video3_22_jpg.rf.faab00d10885b2d648d3e9afd908eb9a.jpg,exact,ppe_train_image986_359ad7d7c2,0
research_phases/dataset_test_isaac/images,Video3_235_jpg.rf.a2b45eaab0aaddd10a99c45d45da5b74.jpg,exact,ppe_train_image1030_bfcd1fc210,0
research_phases/dataset_test_isaac/images,Video3_236_jpg.rf.fd328fee9b7a1efa4e1bab07b450147a.jpg,exact,ppe_train_image1031_8ba677caec,0
research_phases/dataset_test_isaac/images,Video3_238_jpg.rf.0813ac5f7e0f6c4d16166608dea1b73c.jpg,exact,ppe_train_image1033_755f00889d,0
research_phases/dataset_test_isaac/images,Video3_272_jpg.rf.eb80fc657910ef36963fd2a0a74bea18.jpg,exact,ppe_train_image1039_3b782c60f5,0
research_phases/dataset_test_isaac/images,Video3_273_jpg.rf.9875e86e98e0389b4d45c858888c238a.jpg,exact,ppe_train_image1040_7f54de5ca3,0
research_phases/dataset_test_isaac/images,Video3_288_jpg.rf.b1f91fde5936e936aca4e85c4f5be504.jpg,exact,ppe_train_image1045_302f1fb749,0
research_phases/dataset_test_isaac/images,Video3_28_jpg.rf.098a1590a3bad08adef17f5e87249501.jpg,exact,ppe_train_image991_36bba525d6,0
research_phases/dataset_test_isaac/images,Video3_33_jpg.rf.fc455f4cd73dfb3eb4020bb6621111bd.jpg,exact,ppe_train_image993_94180474c4,0
research_phases/dataset_test_isaac/images,Video3_35_jpg.rf.1d7017b44deaba52d52bb17a852f03f3.jpg,exact,ppe_train_image994_6e83affa88,0
research_phases/dataset_test_isaac/images,Video3_37_jpg.rf.dcdf475cbd5e4c5a90af54f61ebf30bf.jpg,exact,ppe_train_image995_edd347ce1d,0
research_phases/dataset_test_isaac/images,Video3_38_jpg.rf.12eb03b7f27bad7479273684b3b8923c.jpg,exact,ppe_train_image996_20b8402f70,0
research_phases/dataset_test_isaac/images,Video3_45_jpg.rf.1ad917ab7f4c1dcb8a9b4d4ccfb4edde.jpg,exact,ppe_train_image1001_12db23b78d,0
research_phases/dataset_test_isaac/images,Video4_12_jpg.rf.cc880a4a6e3064f262a625a7accbf77b.jpg,exact,ppe_val_image1049_f13e049624,0
research_phases/dataset_test_isaac/images,Video4_14_jpg.rf.191baa32fd1b39a9d115fe797fe39a97.jpg,exact,ppe_train_image1050_a9e9e38bca,0
research_phases/dataset_test_isaac/images,Video4_16_jpg.rf.8a44619ceaa49dbc22095f28dcf680d3.jpg,exact,ppe_train_image1053_1651179178,0
research_phases/dataset_test_isaac/images,Video4_224_jpg.rf.0f76741059af698d8acdec29cfbc2da8.jpg,exact,ppe_train_image1095_91fc1abfc6,0
research_phases/dataset_test_isaac/images,Video4_226_jpg.rf.2ce6807542849498face548f4e4ef1b5.jpg,exact,ppe_train_image1097_44f2d2d085,0
research_phases/dataset_test_isaac/images,Video4_230_jpg.rf.7e6cb82fcf1a12ab5a5f16f9130a3171.jpg,exact,ppe_train_image1098_60674e1ef1,0
research_phases/dataset_test_isaac/images,Video4_231_jpg.rf.9a2fb19199167cfa526bec6ddc9a105e.jpg,exact,ppe_train_image1099_2e79ef6fb0,0
research_phases/dataset_test_isaac/images,Video4_233_jpg.rf.983022b6df9e392226908a364b6602b6.jpg,exact,ppe_train_image1101_354d66a74d,0
research_phases/dataset_test_isaac/images,Video4_235_jpg.rf.9c04c2c9a77d0d72838ed7a919db8181.jpg,exact,ppe_train_image1103_abf53641e0,0
research_phases/dataset_test_isaac/images,Video4_238_jpg.rf.7c9f09cc8e805d7be68f5b17e2b4bc91.jpg,exact,ppe_train_image1104_e0af3670ce,0
research_phases/dataset_test_isaac/images,Video4_239_jpg.rf.c5e3090967faad6e80784431d16df6c5.jpg,exact,ppe_train_image1105_979af4c464,0
research_phases/dataset_test_isaac/images,Video4_240_jpg.rf.7a3b333ee7d48919b114f2e397186350.jpg,exact,ppe_train_image1106_618990d1fa,0
research_phases/dataset_test_isaac/images,Video4_241_jpg.rf.6d6e7fe31ce64467a9f76e62c88bf258.jpg,exact,ppe_val_image1107_e9691438d0,0
research_phases/dataset_test_isaac/images,Video4_242_jpg.rf.3c45694de5f106fed8eb08a6bb51c159.jpg,exact,ppe_train_image1108_ba74ff8fef,0
research_phases/dataset_test_isaac/images,Video4_243_jpg.rf.0f6f96b862b501d414ef27147025b06d.jpg,exact,ppe_val_image1109_ac0303e08f,0
research_phases/dataset_test_isaac/images,Video4_245_jpg.rf.384f172880c1e836a3a63cd245e7789d.jpg,exact,ppe_train_image1112_c580ed7032,0
research_phases/dataset_test_isaac/images,Video4_248_jpg.rf.7d0e87e440db1aba01a1b4c5d60ee7e2.jpg,exact,ppe_train_image1115_2063320f1d,0
research_phases/dataset_test_isaac/images,Video4_249_jpg.rf.8c1147d804ea12d5ee2d9da065a56161.jpg,exact,ppe_train_image1116_7f333b285e,0
research_phases/dataset_test_isaac/images,Video4_251_jpg.rf.829477a80cfebb61624b1df9c5c31511.jpg,exact,ppe_train_image86_fdfe58bf45,0
research_phases/dataset_test_isaac/images,Video4_253_jpg.rf.884d9a7854d777699c7f041a4d806bfe.jpg,exact,ppe_train_image87_7a29b91ff0,0
research_phases/dataset_test_isaac/images,Video4_255_jpg.rf.8dee1205d898648400f367819e91137b.jpg,exact,ppe_train_image88_15191f4478,0
research_phases/dataset_test_isaac/images,Video4_256_jpg.rf.a6f7fc921845a39580b8f424dd9e6b72.jpg,exact,ppe_train_image91_da1f54daae,0
research_phases/dataset_test_isaac/images,Video4_268_jpg.rf.e4e92512d6756eb211ddbdc47b3cee48.jpg,exact,ppe_train_image97_52bee23fa8,0
research_phases/dataset_test_isaac/images,Video4_272_jpg.rf.847bb7127b9a9666e73e394e21b7df60.jpg,exact,ppe_train_image104_e6edadd473,0
research_phases/dataset_test_isaac/images,Video4_280_jpg.rf.f7b70e2f187718cb183ba333764f3544.jpg,exact,ppe_train_image106_7104e2ad4e,0
research_phases/dataset_test_isaac/images,Video4_32_jpg.rf.0918313c143f41305f01f816a6af1d7c.jpg,exact,ppe_train_image1062_1e00de02c3,0
research_phases/dataset_test_isaac/images,Video4_36_jpg.rf.d139fe46de8ebb2411c724455e4c15ba.jpg,exact,ppe_train_image1063_bbe2f20fa5,0
research_phases/dataset_test_isaac/images,Video4_3_jpg.rf.ae43fd12e3148da05f24ee015172f729.jpg,exact,ppe_train_image1047_811ccf867a,0
research_phases/dataset_test_isaac/images,Video4_40_jpg.rf.c8602a060a9613aefa241105b76d93fa.jpg,exact,ppe_train_image1064_cc8116f7f7,0
research_phases/dataset_test_isaac/images,Video4_44_jpg.rf.59d35b0c8b7ec5c78b474660b6639c5a.jpg,exact,ppe_train_image1066_0074fc5f0c,0
research_phases/dataset_test_isaac/images,Video4_45_jpg.rf.1899b97415cf0cd0cac33ef2daa4ca73.jpg,exact,ppe_train_image1067_cb7007c9d7,0
research_phases/dataset_test_isaac/images,Video4_49_jpg.rf.f0c887e1e840a2317f62213cf489fbac.jpg,exact,ppe_train_image1070_13bbc0310a,0
research_phases/dataset_test_isaac/images,Video4_51_jpg.rf.df1c0a6cda7ee60e2d79c8929f428f9b.jpg,exact,ppe_train_image1071_6dd266cbf7,0
research_phases/dataset_test_isaac/images,Video4_65_jpg.rf.cc6d3a4eed71323cfd37991750aa4ac5.jpg,exact,ppe_train_image1080_a1f1ea2fc8,0
research_phases/dataset_test_isaac/images,Video4_75_jpg.rf.f5d867985cb5b014769ef6f9d3aab56e.jpg,exact,ppe_train_image1086_c6586b46d1,0
research_phases/dataset_test_isaac/images,Video4_80_jpg.rf.d0e8fa4e88bc3c39d55e589f2ddeea1c.jpg,exact,ppe_val_image1091_fb8f005c04,0
research_phases/dataset_test_isaac/images,Video4_81_jpg.rf.37fa9078c8428c102ecc1240de9f1dc6.jpg,exact,ppe_train_image1092_43e8de5cca,0
research_phases/dataset_test_isaac/images,image_150_jpg.rf.0993f67c50e84706553f52ef2f267ee1.jpg,exact,ppe_train_image673_534503ff3d,0
research_phases/dataset_test_isaac/images,image_150_jpg.rf.67474700d13d1b458a713f9abaadc951.jpg,exact,ppe_val_image674_01a21c25b5,0
research_phases/dataset_test_isaac/images,image_150_jpg.rf.a79aa5353ffc56b891b64fd2355aada5.jpg,exact,ppe_train_image673_534503ff3d,0
research_phases/dataset_test_isaac/images,image_159_jpg.rf.579e7292d195465ca51aa8a47a79742a.jpg,exact,ppe_train_image681_2138a62384,0
research_phases/dataset_test_isaac/images,image_169_jpg.rf.daef497a1a1c4719bdc8b4e137bef1af.jpg,exact,ppe_train_image699_4d7754513b,0
research_phases/dataset_test_isaac/images,image_179_jpg.rf.a7a6b372726f5b8ef184392aa72e407d.jpg,exact,ppe_train_image702_4c3f75b8d4,0
research_phases/dataset_test_isaac/images,image_195_jpg.rf.d07ffe140da9a17de9e6bab8be779870.jpg,exact,ppe_train_image716_de6f96ea81,0
research_phases/dataset_test_isaac/images,image_224_jpg.rf.1d56b745ea43edc9a4876204e0609854.jpg,exact,ppe_train_image724_1fb50df43a,0
research_phases/dataset_test_isaac/images,image_225_jpg.rf.34a07ca0d2f7c17c6579e68d1cb18977.jpg,exact,ppe_train_image725_08da531014,0
research_phases/dataset_test_isaac/images,image_241_jpg.rf.b2f19a0861350d8904152a080c0039a5.jpg,exact,ppe_train_image736_faac1b92d9,0
research_phases/dataset_test_isaac/images,image_34_jpg.rf.67d29919c0b599a0c5855a2721b2aa3a.jpg,exact,ppe_train_image668_e6f7d99b7d,0
research_phases/dataset_test_isaac/images,image_4_jpg.rf.6defa6785427fb0e5b17539973e6d127.jpg,exact,ppe_train_image667_f3849f41aa,0
research_phases/dataset_test_isaac/images,images-2022-07-04T012922_jpg.rf.64f6c54bd2bc7ba686c7361d8f077f63.jpg,exact,ppe_train_image750_bbe5a3bdab,0
research_phases/dataset_test_isaac/images,images-2022-07-04T013042_jpg.rf.24a8c7343cb3c7ae7d77b66128c0173f.jpg,exact,ppe_train_image751_85f6161e79,0
research_phases/dataset_test_isaac/images,images-2022-07-04T013042_jpg.rf.44bb110199ac84de0c433e0bbca512fa.jpg,exact,ppe_train_image751_85f6161e79,0
research_phases/dataset_test_isaac/images,images-2022-07-04T013045_jpg.rf.3e520934d1c39cc5c9abcdba021f2167.jpg,exact,ppe_train_image752_cf227407b8,0
research_phases/dataset_test_isaac/images,images85_jpg.rf.c8ecd3ceff5e4d2082e7b731d0ce589f.jpg,exact,ppe_train_image746_20d7865bd1,0
research_phases/dataset_test_isaac/images,li-lin-rZcC9J5ZT6I-unsplash_jpg.rf.43a4ef471aedbab5dda54cec62a59a6c.jpg,exact,ppe_train_image789_a80efdce56,0
research_phases/dataset_test_isaac/images,ppe_0302_jpg.rf.80d1ee488ad28ab1527634481b75bec4.jpg,exact,ppe_train_image797_f518fe01eb,0
research_phases/dataset_test_isaac/images,ppe_0311_jpg.rf.b031e35f0aa9c91c84482b764ad03df6.jpg,exact,ppe_val_image798_36f6a59ccb,0
research_phases/dataset_test_isaac/images,ppe_0374_jpg.rf.53bc782b01008d6e55ec2029d4175f66.jpg,exact,ppe_train_image801_db10ee13fc,0
research_phases/dataset_test_isaac/images,ppe_0636_jpg.rf.527e262bc16fe5065e47833265ecb350.jpg,exact,ppe_train_image803_784306c0df,0
research_phases/dataset_test_isaac/images,ppe_0648_jpg.rf.2b49867665f380fd9dcafa74377c737f.jpg,exact,ppe_val_image804_6e9740af05,0
research_phases/dataset_test_isaac/images,ppe_0925_jpg.rf.9ac0af1a3132ab555a85192956b73ea8.jpg,exact,ppe_train_image809_a588810d5f,0
research_phases/dataset_test_isaac/images,thumb0454_jpg.rf.402fb53aedae299ff3861cd13bfe1122.jpg,exact,ppe_train_image838_2ab8536cd3,0
research_phases/dataset_test_isaac/images,thumb0923_jpg.rf.9e1fbb8a09c672515ba6554c32023120.jpg,exact,ppe_train_image839_7805b1c66f,0
research_phases/dataset_test_isaac/images,thumb0945_jpg.rf.13ccff37849b975d12bb8b71eec54540.jpg,exact,ppe_train_image842_d225bb6557,0
research_phases/dataset_test_isaac/images,thumb1718_jpg.rf.abaa76f5b68e20c43d017da948550689.jpg,exact,ppe_train_image843_ab4dac1278,0
research_phases/dataset_test_isaac/images,thumb2443_jpg.rf.8e57b77c614d0875ad1a2dc64d53f008.jpg,exact,ppe_train_image844_0aafefe5b1,0
