split,group,image,class_name,confidence,outcome,matched_iou,x1,y1,x2,y2
id,id_val,scripts/finetunig/dataset/finetune_dataset/images/val/ood_negative_backpack_person_002_d6a3c21321.jpg,vest,0.491024,id_false_positive,0.000000,523.50,252.66,576.41,277.69
id,id_val,scripts/finetunig/dataset/finetune_dataset/images/val/ood_negative_backpack_person_024_ca0abfb030.jpg,vest,0.603765,id_false_positive,0.000000,355.44,126.74,491.15,170.28
id,id_val,scripts/finetunig/dataset/finetune_dataset/images/val/ood_negative_backpack_person_025_1fd156729a.jpg,vest,0.311047,id_false_positive,0.000000,173.09,323.99,230.71,370.87
id,id_val,scripts/finetunig/dataset/finetune_dataset/images/val/ood_negative_baseball_cap_015_bdec3806eb.jpg,vest,0.537928,id_false_positive,0.000000,108.90,60.61,935.98,1289.00
id,id_val,scripts/finetunig/dataset/finetune_dataset/images/val/ood_negative_baseball_cap_015_e0b0284b40.jpg,vest,0.537928,id_false_positive,0.000000,108.90,60.61,935.98,1289.00
id,id_val,scripts/finetunig/dataset/finetune_dataset/images/val/ppe_val_image1010_5ef51dd684.jpg,helmet,0.803853,id_true_positive,0.682388,312.56,111.63,384.97,145.26
id,id_val,scripts/finetunig/dataset/finetune_dataset/images/val/ppe_val_image1049_f13e049624.jpg,helmet,0.830455,id_true_positive,0.680129,268.67,54.96,385.16,111.41
id,id_val,scripts/finetunig/dataset/finetune_dataset/images/val/ppe_val_image1055_7b0600c9f4.jpg,helmet,0.818804,id_true_positive,0.870381,216.06,60.87,333.72,114.72
id,id_val,scripts/finetunig/dataset/finetune_dataset/images/val/ppe_val_image1057_9d595a6301.jpg,helmet,0.852189,id_true_positive,0.860786,207.24,63.81,321.40,117.29
id,id_val,scripts/finetunig/dataset/finetune_dataset/images/val/ppe_val_image1072_93e4041f55.jpg,helmet,0.829819,id_true_positive,0.855392,241.59,30.30,389.23,97.40
id,id_val,scripts/finetunig/dataset/finetune_dataset/images/val/ppe_val_image1083_8f54992fbc.jpg,helmet,0.836208,id_true_positive,0.917893,229.74,27.89,402.16,102.33
id,id_val,scripts/finetunig/dataset/finetune_dataset/images/val/ppe_val_image1085_0d97490043.jpg,helmet,0.822271,id_true_positive,0.807690,231.54,22.71,408.25,97.94
id,id_val,scripts/finetunig/dataset/finetune_dataset/images/val/ppe_val_image1091_fb8f005c04.jpg,helmet,0.813818,id_true_positive,0.902537,243.44,19.94,428.15,99.90
id,id_val,scripts/finetunig/dataset/finetune_dataset/images/val/ppe_val_image1096_29db3c0f85.jpg,helmet,0.829043,id_true_positive,0.854821,259.47,71.18,403.24,135.24
id,id_val,scripts/finetunig/dataset/finetune_dataset/images/val/ppe_val_image1107_e9691438d0.jpg,helmet,0.858825,id_true_positive,0.822684,294.58,61.37,424.36,122.35
id,id_val,scripts/finetunig/dataset/finetune_dataset/images/val/ppe_val_image1109_ac0303e08f.jpg,helmet,0.863662,id_true_positive,0.880829,294.02,58.98,419.70,121.00
id,id_val,scripts/finetunig/dataset/finetune_dataset/images/val/ppe_val_image1146_8df56e5323.jpg,vest,0.648464,id_false_positive,0.493054,562.32,94.27,893.58,345.64
id,id_val,scripts/finetunig/dataset/finetune_dataset/images/val/ppe_val_image1151_ece3afe8d3.jpg,vest,0.400349,id_false_positive,0.497787,292.03,129.80,565.30,211.02
id,id_val,scripts/finetunig/dataset/finetune_dataset/images/val/ppe_val_image115_365b0b7451.jpg,helmet,0.314550,id_true_positive,0.731328,292.97,18.93,376.47,88.66
id,id_val,scripts/finetunig/dataset/finetune_dataset/images/val/ppe_val_image117_ade486b9ae.jpg,helmet,0.739506,id_true_positive,0.814487,384.63,292.08,429.85,329.71
id,id_val,scripts/finetunig/dataset/finetune_dataset/images/val/ppe_val_image117_ade486b9ae.jpg,helmet,0.729571,id_true_positive,0.575301,586.62,314.96,619.12,341.56
id,id_val,scripts/finetunig/dataset/finetune_dataset/images/val/ppe_val_image117_ade486b9ae.jpg,helmet,0.724437,id_true_positive,0.727956,486.41,302.24,536.89,338.65
id,id_val,scripts/finetunig/dataset/finetune_dataset/images/val/ppe_val_image117_ade486b9ae.jpg,helmet,0.708179,id_true_positive,0.794423,328.98,318.97,370.28,353.24
id,id_val,scripts/finetunig/dataset/finetune_dataset/images/val/ppe_val_image117_ade486b9ae.jpg,helmet,0.684649,id_true_positive,0.539984,431.05,308.70,464.76,334.09
id,id_val,scripts/finetunig/dataset/finetune_dataset/images/val/ppe_val_image117_ade486b9ae.jpg,helmet,0.561127,id_false_positive,0.442830,547.18,314.07,566.00,331.73
id,id_val,scripts/finetunig/dataset/finetune_dataset/images/val/ppe_val_image117_ade486b9ae.jpg,helmet,0.538949,id_true_positive,0.692116,284.64,294.96,310.05,315.88
id,id_val,scripts/finetunig/dataset/finetune_dataset/images/val/ppe_val_image117_ade486b9ae.jpg,helmet,0.500557,id_true_positive,0.545785,616.76,312.05,640.00,339.45
id,id_val,scripts/finetunig/dataset/finetune_dataset/images/val/ppe_val_image117_ade486b9ae.jpg,helmet,0.443217,id_false_positive,0.488667,528.33,302.39,551.22,329.91
id,id_val,scripts/finetunig/dataset/finetune_dataset/images/val/ppe_val_image117_ade486b9ae.jpg,helmet,0.285229,id_true_positive,0.535267,525.87,301.10,561.65,330.90
id,id_val,scripts/finetunig/dataset/finetune_dataset/images/val/ppe_val_image117_ade486b9ae.jpg,helmet,0.278600,id_true_positive,0.627072,545.75,307.29,565.13,331.57
id,id_val,scripts/finetunig/dataset/finetune_dataset/images/val/ppe_val_image1183_0f7ca1c82d.jpg,vest,0.855537,id_false_positive,0.338353,284.15,33.93,392.12,105.42
id,id_val,scripts/finetunig/dataset/finetune_dataset/images/val/ppe_val_image1193_9bec2e985a.jpg,vest,0.695794,id_true_positive,0.542406,104.43,87.72,298.48,185.01
id,id_val,scripts/finetunig/dataset/finetune_dataset/images/val/ppe_val_image1211_b2841c0534.jpg,vest,0.573443,id_false_positive,0.290812,389.06,253.33,519.88,344.58
id,id_val,scripts/finetunig/dataset/finetune_dataset/images/val/ppe_val_image1215_8e8c309917.jpg,vest,0.822200,id_true_positive,0.793718,249.96,89.38,484.73,298.35
id,id_val,scripts/finetunig/dataset/finetune_dataset/images/val/ppe_val_image1215_8e8c309917.jpg,vest,0.317851,id_true_positive,0.597607,605.22,160.73,818.38,269.00
id,id_val,scripts/finetunig/dataset/finetune_dataset/images/val/ppe_val_image1248_b7e28e92ac.jpg,vest,0.395550,id_true_positive,0.547683,584.15,187.49,778.39,313.47
id,id_val,scripts/finetunig/dataset/finetune_dataset/images/val/ppe_val_image1273_2bc84b061f.jpg,vest,0.475057,id_false_positive,0.000000,427.62,178.95,640.19,253.86
id,id_val,scripts/finetunig/dataset/finetune_dataset/images/val/ppe_val_image1290_c47996cd97.jpg,vest,0.392651,id_false_positive,0.000000,316.49,465.16,448.92,559.65
id,id_val,scripts/finetunig/dataset/finetune_dataset/images/val/ppe_val_image12_6fc8972587.jpg,helmet,0.838042,id_true_positive,0.896247,247.40,43.90,316.30,118.84
id,id_val,scripts/finetunig/dataset/finetune_dataset/images/val/ppe_val_image130_a51a560b64.jpg,helmet,0.596160,id_true_positive,0.607677,343.09,147.21,432.51,211.78
id,id_val,scripts/finetunig/dataset/finetune_dataset/images/val/ppe_val_image132_5c56e11e33.jpg,vest,0.676782,id_false_positive,0.000000,189.92,270.10,224.58,310.80
id,id_val,scripts/finetunig/dataset/finetune_dataset/images/val/ppe_val_image132_5c56e11e33.jpg,vest,0.343419,id_false_positive,0.000000,411.55,334.42,450.81,390.85
id,id_val,scripts/finetunig/dataset/finetune_dataset/images/val/ppe_val_image1341_9f9cc16c7d.jpg,vest,0.729517,id_true_positive,0.555946,364.79,85.83,581.28,233.92
id,id_val,scripts/finetunig/dataset/finetune_dataset/images/val/ppe_val_image1346_02b1633e5d.jpg,vest,0.270343,id_false_positive,0.000000,466.47,410.35,618.01,489.81
id,id_val,scripts/finetunig/dataset/finetune_dataset/images/val/ppe_val_image1369_b80f65fdf8.jpg,vest,0.882238,id_true_positive,0.756828,375.82,143.38,484.26,215.38
id,id_val,scripts/finetunig/dataset/finetune_dataset/images/val/ppe_val_image1369_b80f65fdf8.jpg,vest,0.769255,id_true_positive,0.501793,512.29,125.50,634.72,199.15
id,id_val,scripts/finetunig/dataset/finetune_dataset/images/val/ppe_val_image1377_ad927aa783.jpg,vest,0.319111,id_true_positive,0.522929,234.53,95.12,369.15,178.68
id,id_val,scripts/finetunig/dataset/finetune_dataset/images/val/ppe_val_image137_d81a2c6a8a.jpg,helmet,0.733609,id_true_positive,0.751160,266.97,198.83,350.43,278.58
id,id_val,scripts/finetunig/dataset/finetune_dataset/images/val/ppe_val_image137_d81a2c6a8a.jpg,helmet,0.517304,id_true_positive,0.585259,73.07,247.85,105.65,275.32
id,id_val,scripts/finetunig/dataset/finetune_dataset/images/val/ppe_val_image137_d81a2c6a8a.jpg,helmet,0.275918,id_true_positive,0.760005,69.49,244.97,107.39,284.51
id,id_val,scripts/finetunig/dataset/finetune_dataset/images/val/ppe_val_image1397_694dc009f7.jpg,vest,0.905504,id_true_positive,0.660411,253.72,117.82,330.61,169.13
id,id_val,scripts/finetunig/dataset/finetune_dataset/images/val/ppe_val_image1402_85b92d36a0.jpg,vest,0.590387,id_false_positive,0.000000,336.25,72.36,421.10,97.61
id,id_val,scripts/finetunig/dataset/finetune_dataset/images/val/ppe_val_image1402_85b92d36a0.jpg,vest,0.589353,id_true_positive,0.680952,139.89,111.84,238.36,170.95
id,id_val,scripts/finetunig/dataset/finetune_dataset/images/val/ppe_val_image1402_85b92d36a0.jpg,vest,0.483413,id_false_positive,0.323578,506.68,164.97,610.63,212.65
id,id_val,scripts/finetunig/dataset/finetune_dataset/images/val/ppe_val_image144_822cc5e6ad.jpg,helmet,0.900893,id_true_positive,0.886707,462.63,150.63,571.46,232.18
id,id_val,scripts/finetunig/dataset/finetune_dataset/images/val/ppe_val_image144_822cc5e6ad.jpg,helmet,0.883286,id_true_positive,0.775435,409.82,278.52,555.16,383.33
id,id_val,scripts/finetunig/dataset/finetune_dataset/images/val/ppe_val_image144_822cc5e6ad.jpg,helmet,0.769955,id_true_positive,0.898705,156.86,138.85,275.84,228.51
id,id_val,scripts/finetunig/dataset/finetune_dataset/images/val/ppe_val_image144_822cc5e6ad.jpg,helmet,0.728712,id_true_positive,0.610047,385.75,170.81,500.58,250.01
id,id_val,scripts/finetunig/dataset/finetune_dataset/images/val/ppe_val_image144_822cc5e6ad.jpg,helmet,0.701732,id_true_positive,0.906022,17.14,146.84,81.52,261.06
id,id_val,scripts/finetunig/dataset/finetune_dataset/images/val/ppe_val_image144_822cc5e6ad.jpg,helmet,0.699060,id_true_positive,0.657940,315.84,149.53,407.78,223.44
id,id_val,scripts/finetunig/dataset/finetune_dataset/images/val/ppe_val_image144_822cc5e6ad.jpg,helmet,0.533561,id_true_positive,0.844305,87.56,156.40,188.66,227.43
id,id_val,scripts/finetunig/dataset/finetune_dataset/images/val/ppe_val_image151_7de9f675d5.jpg,helmet,0.769913,id_true_positive,0.684668,135.45,213.70,189.79,253.94
id,id_val,scripts/finetunig/dataset/finetune_dataset/images/val/ppe_val_image151_7de9f675d5.jpg,helmet,0.747338,id_true_positive,0.911868,216.48,177.49,283.62,228.44
id,id_val,scripts/finetunig/dataset/finetune_dataset/images/val/ppe_val_image151_7de9f675d5.jpg,helmet,0.493722,id_true_positive,0.527453,473.19,256.12,492.42,271.26
id,id_val,scripts/finetunig/dataset/finetune_dataset/images/val/ppe_val_image151_7de9f675d5.jpg,vest,0.393998,id_false_positive,0.000000,111.35,262.44,177.02,375.56
id,id_val,scripts/finetunig/dataset/finetune_dataset/images/val/ppe_val_image151_7de9f675d5.jpg,helmet,0.372852,id_false_positive,0.424495,367.79,255.33,387.83,273.37
id,id_val,scripts/finetunig/dataset/finetune_dataset/images/val/ppe_val_image164_315770c5a3.jpg,helmet,0.692508,id_true_positive,0.854491,214.55,30.79,411.22,132.70
id,id_val,scripts/finetunig/dataset/finetune_dataset/images/val/ppe_val_image164_315770c5a3.jpg,vest,0.295731,id_false_positive,0.000000,132.84,210.94,516.74,601.61
id,id_val,scripts/finetunig/dataset/finetune_dataset/images/val/ppe_val_image176_9d11981552.jpg,helmet,0.811995,id_true_positive,0.854484,231.96,25.90,328.25,119.74
id,id_val,scripts/finetunig/dataset/finetune_dataset/images/val/ppe_val_image199_5820fb28fa.jpg,helmet,0.768002,id_true_positive,0.734511,278.07,0.42,422.65,163.82
id,id_val,scripts/finetunig/dataset/finetune_dataset/images/val/ppe_val_image202_009d440212.jpg,helmet,0.834561,id_true_positive,0.590159,22.94,10.88,141.59,128.21
id,id_val,scripts/finetunig/dataset/finetune_dataset/images/val/ppe_val_image202_009d440212.jpg,helmet,0.825469,id_true_positive,0.896488,337.06,0.00,441.77,67.64
id,id_val,scripts/finetunig/dataset/finetune_dataset/images/val/ppe_val_image202_009d440212.jpg,helmet,0.773415,id_true_positive,0.610115,221.03,181.26,294.75,260.20
id,id_val,scripts/finetunig/dataset/finetune_dataset/images/val/ppe_val_image212_ce99dffde1.jpg,helmet,0.632716,id_true_positive,0.891743,466.54,188.28,600.63,292.37
id,id_val,scripts/finetunig/dataset/finetune_dataset/images/val/ppe_val_image212_ce99dffde1.jpg,helmet,0.262977,id_true_positive,0.852941,267.30,292.19,302.84,325.53
id,id_val,scripts/finetunig/dataset/finetune_dataset/images/val/ppe_val_image230_06c01baa54.jpg,helmet,0.826159,id_true_positive,0.827936,448.62,69.76,583.31,178.06
id,id_val,scripts/finetunig/dataset/finetune_dataset/images/val/ppe_val_image238_4698ab97d4.jpg,helmet,0.736995,id_false_positive,0.489745,51.65,83.89,209.50,179.04
id,id_val,scripts/finetunig/dataset/finetune_dataset/images/val/ppe_val_image253_85f3b550e5.jpg,helmet,0.773843,id_true_positive,0.721920,227.25,65.18,298.09,99.66
id,id_val,scripts/finetunig/dataset/finetune_dataset/images/val/ppe_val_image259_794464fdfe.jpg,helmet,0.815442,id_true_positive,0.833783,284.69,0.30,488.02,89.23
id,id_val,scripts/finetunig/dataset/finetune_dataset/images/val/ppe_val_image270_066d38189b.jpg,helmet,0.824524,id_true_positive,0.703941,318.93,0.22,449.19,65.20
id,id_val,scripts/finetunig/dataset/finetune_dataset/images/val/ppe_val_image278_cc315892f0.jpg,helmet,0.824096,id_true_positive,0.832507,294.53,0.06,497.55,78.05
id,id_val,scripts/finetunig/dataset/finetune_dataset/images/val/ppe_val_image318_45f4d7b829.jpg,helmet,0.890011,id_true_positive,0.950363,326.82,172.51,408.68,256.39
id,id_val,scripts/finetunig/dataset/finetune_dataset/images/val/ppe_val_image31_49834bf089.jpg,helmet,0.839733,id_true_positive,0.794498,326.00,94.09,392.82,162.75
id,id_val,scripts/finetunig/dataset/finetune_dataset/images/val/ppe_val_image330_99135774ce.jpg,helmet,0.807602,id_true_positive,0.783765,300.13,6.48,370.11,70.83
id,id_val,scripts/finetunig/dataset/finetune_dataset/images/val/ppe_val_image337_48ee874abc.jpg,helmet,0.771591,id_true_positive,0.864824,392.37,5.38,512.70,79.87
id,id_val,scripts/finetunig/dataset/finetune_dataset/images/val/ppe_val_image347_28bb558acd.jpg,helmet,0.788558,id_true_positive,0.878112,291.03,15.75,431.78,132.68
id,id_val,scripts/finetunig/dataset/finetune_dataset/images/val/ppe_val_image355_6b556ba6fd.jpg,helmet,0.785089,id_true_positive,0.885920,251.37,66.99,355.42,111.71
id,id_val,scripts/finetunig/dataset/finetune_dataset/images/val/ppe_val_image391_f6a2764186.jpg,helmet,0.820385,id_true_positive,0.757428,261.68,163.89,352.36,206.68
id,id_val,scripts/finetunig/dataset/finetune_dataset/images/val/ppe_val_image392_6862b00921.jpg,helmet,0.832848,id_true_positive,0.850357,323.08,140.02,418.74,202.45
id,id_val,scripts/finetunig/dataset/finetune_dataset/images/val/ppe_val_image395_3d33f99783.jpg,helmet,0.803452,id_true_positive,0.823745,436.69,106.10,500.92,148.04
id,id_val,scripts/finetunig/dataset/finetune_dataset/images/val/ppe_val_image396_d5e71d7975.jpg,helmet,0.792755,id_true_positive,0.666558,285.48,106.81,355.30,138.07
id,id_val,scripts/finetunig/dataset/finetune_dataset/images/val/ppe_val_image407_35ee46d8bd.jpg,helmet,0.840851,id_true_positive,0.939028,273.99,0.00,422.62,66.26
id,id_val,scripts/finetunig/dataset/finetune_dataset/images/val/ppe_val_image411_f9ba6aa7ba.jpg,helmet,0.857072,id_true_positive,0.803289,202.62,10.25,330.45,93.84
id,id_val,scripts/finetunig/dataset/finetune_dataset/images/val/ppe_val_image419_9626103fff.jpg,helmet,0.833423,id_true_positive,0.946880,168.80,0.33,349.40,95.82
id,id_val,scripts/finetunig/dataset/finetune_dataset/images/val/ppe_val_image430_e53143abc3.jpg,helmet,0.845673,id_true_positive,0.882027,132.08,63.74,264.11,142.68
id,id_val,scripts/finetunig/dataset/finetune_dataset/images/val/ppe_val_image446_b7a5a02409.jpg,helmet,0.856567,id_true_positive,0.766058,181.00,45.46,282.26,102.42
id,id_val,scripts/finetunig/dataset/finetune_dataset/images/val/ppe_val_image464_63992c7205.jpg,helmet,0.853637,id_true_positive,0.768009,204.11,106.18,282.66,199.63
id,id_val,scripts/finetunig/dataset/finetune_dataset/images/val/ppe_val_image464_63992c7205.jpg,helmet,0.851631,id_true_positive,0.977081,363.21,53.13,421.92,127.27
id,id_val,scripts/finetunig/dataset/finetune_dataset/images/val/ppe_val_image464_63992c7205.jpg,helmet,0.817227,id_true_positive,0.752511,532.46,178.94,584.04,259.01
id,id_val,scripts/finetunig/dataset/finetune_dataset/images/val/ppe_val_image464_63992c7205.jpg,helmet,0.708520,id_true_positive,0.848343,439.16,176.88,490.74,252.64
id,id_val,scripts/finetunig/dataset/finetune_dataset/images/val/ppe_val_image487_93f86bce7b.jpg,helmet,0.636932,id_true_positive,0.828184,144.13,0.14,290.89,51.93
id,id_val,scripts/finetunig/dataset/finetune_dataset/images/val/ppe_val_image487_93f86bce7b.jpg,helmet,0.487646,id_true_positive,0.628096,145.54,0.06,290.89,30.69
id,id_val,scripts/finetunig/dataset/finetune_dataset/images/val/ppe_val_image505_ee875594a6.jpg,helmet,0.867092,id_true_positive,0.817188,234.28,1.58,372.69,72.46
id,id_val,scripts/finetunig/dataset/finetune_dataset/images/val/ppe_val_image508_6843a966d9.jpg,helmet,0.809850,id_true_positive,0.842086,224.61,47.58,372.41,107.41
id,id_val,scripts/finetunig/dataset/finetune_dataset/images/val/ppe_val_image547_f1b3dbd441.jpg,helmet,0.848108,id_true_positive,0.873039,129.56,187.66,214.43,236.89
id,id_val,scripts/finetunig/dataset/finetune_dataset/images/val/ppe_val_image547_f1b3dbd441.jpg,helmet,0.813044,id_false_positive,0.000000,354.15,201.20,427.80,242.85
id,id_val,scripts/finetunig/dataset/finetune_dataset/images/val/ppe_val_image547_f1b3dbd441.jpg,helmet,0.803504,id_true_positive,0.714387,480.85,209.47,550.53,264.95
id,id_val,scripts/finetunig/dataset/finetune_dataset/images/val/ppe_val_image547_f1b3dbd441.jpg,helmet,0.732230,id_true_positive,0.709045,260.54,199.47,329.19,259.69
id,id_val,scripts/finetunig/dataset/finetune_dataset/images/val/ppe_val_image573_1e33a0df7b.jpg,helmet,0.784770,id_true_positive,0.761612,285.88,0.18,421.44,103.15
id,id_val,scripts/finetunig/dataset/finetune_dataset/images/val/ppe_val_image576_7af6865c98.jpg,helmet,0.807225,id_true_positive,0.817731,231.01,6.20,348.11,68.76
ood,dataset_ok,isaac_odd_dataset/dataset_ok/archive/css-data/test/images/000005_jpg.rf.96e9379ccae638140c4a90fc4b700a2b.jpg,helmet,0.767229,hallucination,,43.59,137.68,169.95,269.68
ood,dataset_ok,isaac_odd_dataset/dataset_ok/archive/css-data/test/images/002551_jpg.rf.ce4b9f934161faa72c80dc6898d37b2d.jpg,helmet,0.814898,hallucination,,326.57,21.01,397.12,132.65
ood,dataset_ok,isaac_odd_dataset/dataset_ok/archive/css-data/test/images/002551_jpg.rf.ce4b9f934161faa72c80dc6898d37b2d.jpg,helmet,0.591974,hallucination,,102.96,109.01,132.17,136.72
ood,dataset_ok,isaac_odd_dataset/dataset_ok/archive/css-data/test/images/002551_jpg.rf.ce4b9f934161faa72c80dc6898d37b2d.jpg,helmet,0.563303,hallucination,,30.76,73.35,59.77,117.75
ood,dataset_ok,isaac_odd_dataset/dataset_ok/archive/css-data/test/images/002551_jpg.rf.ce4b9f934161faa72c80dc6898d37b2d.jpg,helmet,0.328197,hallucination,,0.02,65.25,14.83,103.50
ood,dataset_ok,isaac_odd_dataset/dataset_ok/archive/css-data/test/images/004063_jpg.rf.1b7cdc4035bcb24ef69b8798b444053e.jpg,helmet,0.645750,hallucination,,454.64,394.06,486.05,427.53
ood,dataset_ok,isaac_odd_dataset/dataset_ok/archive/css-data/test/images/004063_jpg.rf.1b7cdc4035bcb24ef69b8798b444053e.jpg,helmet,0.477685,hallucination,,200.61,269.52,255.31,325.33
ood,dataset_ok,isaac_odd_dataset/dataset_ok/archive/css-data/test/images/004063_jpg.rf.1b7cdc4035bcb24ef69b8798b444053e.jpg,helmet,0.325273,hallucination,,284.07,431.09,306.88,458.71
ood,dataset_ok,isaac_odd_dataset/dataset_ok/archive/css-data/test/images/004763_jpg.rf.46484e6ca73caeaa9de45822cf1085a9.jpg,helmet,0.599364,hallucination,,335.96,74.11,453.71,185.90
ood,dataset_ok,isaac_odd_dataset/dataset_ok/archive/css-data/test/images/004763_jpg.rf.46484e6ca73caeaa9de45822cf1085a9.jpg,helmet,0.521533,hallucination,,31.47,60.68,291.11,268.74
ood,dataset_ok,isaac_odd_dataset/dataset_ok/archive/css-data/test/images/004763_jpg.rf.46484e6ca73caeaa9de45822cf1085a9.jpg,helmet,0.490875,hallucination,,34.96,50.03,214.05,269.74
ood,dataset_ok,isaac_odd_dataset/dataset_ok/archive/css-data/test/images/004763_jpg.rf.46484e6ca73caeaa9de45822cf1085a9.jpg,helmet,0.261092,hallucination,,173.62,125.77,287.61,262.50
ood,dataset_ok,isaac_odd_dataset/dataset_ok/archive/css-data/test/images/006672_jpg.rf.87d5978c486feb53177408cf00a0d87f.jpg,helmet,0.285073,hallucination,,414.24,351.34,475.49,403.85
ood,dataset_ok,isaac_odd_dataset/dataset_ok/archive/css-data/test/images/006672_jpg.rf.87d5978c486feb53177408cf00a0d87f.jpg,helmet,0.268140,hallucination,,115.05,362.15,172.08,410.71
ood,dataset_ok,isaac_odd_dataset/dataset_ok/archive/css-data/test/images/IMG_0871_mp4-23_jpg.rf.03f872b1ed87ad7fadc85e09475ad37a.jpg,vest,0.751495,hallucination,,134.66,107.53,499.01,206.39
ood,dataset_ok,isaac_odd_dataset/dataset_ok/archive/css-data/test/images/IMG_0871_mp4-23_jpg.rf.03f872b1ed87ad7fadc85e09475ad37a.jpg,vest,0.456495,hallucination,,132.27,108.00,502.55,255.13
ood,dataset_ok,isaac_odd_dataset/dataset_ok/archive/css-data/test/images/Image36_jpg.rf.8704f3450f736cdd01a61dcee588f2c2.jpg,helmet,0.415108,hallucination,,351.87,305.87,398.41,349.89
ood,dataset_ok,isaac_odd_dataset/dataset_ok/archive/css-data/test/images/Image36_jpg.rf.8704f3450f736cdd01a61dcee588f2c2.jpg,helmet,0.380534,hallucination,,258.30,0.00,408.87,101.88
ood,dataset_ok,isaac_odd_dataset/dataset_ok/archive/css-data/test/images/Image36_jpg.rf.8704f3450f736cdd01a61dcee588f2c2.jpg,vest,0.266114,hallucination,,272.57,417.40,475.16,639.39
ood,dataset_ok,isaac_odd_dataset/dataset_ok/archive/css-data/test/images/NX_img_177_jpg.rf.c03709e5fadfe2109411f05a9e9bc25f.jpg,helmet,0.673971,hallucination,,145.70,0.05,208.02,50.36
ood,dataset_ok,isaac_odd_dataset/dataset_ok/archive/css-data/test/images/image_53_jpg.rf.3446e366b5d4d905a32e1aedc8fe87de.jpg,helmet,0.796558,hallucination,,289.52,59.79,362.42,118.93
ood,dataset_ok,isaac_odd_dataset/dataset_ok/archive/css-data/test/images/image_55_jpg.rf.27ae4341a9b9647d73a8929ff7a22369.jpg,helmet,0.804733,hallucination,,180.94,78.19,254.87,133.38
ood,dataset_ok,isaac_odd_dataset/dataset_ok/archive/css-data/test/images/maksssksksss17_png_jpg.rf.f685b497756b1facbf3d4c2d2d22c0d2.jpg,vest,0.314694,hallucination,,98.23,296.74,375.55,371.08
ood,dataset_ok,isaac_odd_dataset/dataset_ok/archive/css-data/test/images/ppe_0018_jpg.rf.be66fabcc8627f60d963454b5a227095.jpg,helmet,0.465892,hallucination,,349.36,76.60,464.00,171.91
ood,dataset_ok,isaac_odd_dataset/dataset_ok/archive/css-data/test/images/ppe_1073_jpg.rf.72ea8a293a4f3e1135219e33701b1099.jpg,helmet,0.411292,hallucination,,315.66,214.52,346.16,245.42
ood,dataset_ok,isaac_odd_dataset/dataset_ok/archive/css-data/test/images/ppe_1073_jpg.rf.72ea8a293a4f3e1135219e33701b1099.jpg,helmet,0.363352,hallucination,,429.49,226.26,457.03,254.96
ood,dataset_ok,isaac_odd_dataset/dataset_ok/archive/css-data/test/images/ppe_1073_jpg.rf.72ea8a293a4f3e1135219e33701b1099.jpg,helmet,0.310784,hallucination,,399.81,217.60,428.46,244.55
ood,dataset_ok,isaac_odd_dataset/dataset_ok/archive/css-data/test/images/youtube-108_jpg.rf.9dc7ed5f816f07d520f3dbfaad08d40f.jpg,helmet,0.713703,hallucination,,369.27,189.92,423.30,258.98
ood,dataset_ok,isaac_odd_dataset/dataset_ok/archive/css-data/test/images/youtube-108_jpg.rf.9dc7ed5f816f07d520f3dbfaad08d40f.jpg,helmet,0.679614,hallucination,,248.32,118.11,306.76,173.74
ood,dataset_ok,isaac_odd_dataset/dataset_ok/archive/css-data/test/images/youtube-108_jpg.rf.9dc7ed5f816f07d520f3dbfaad08d40f.jpg,helmet,0.423776,hallucination,,250.64,131.70,304.38,173.43
ood,dataset_ok,isaac_odd_dataset/dataset_ok/archive/css-data/test/images/youtube-186_jpg.rf.1f1d93447d4be3233c22c4ce9f6e0601.jpg,helmet,0.326002,hallucination,,330.22,96.76,399.86,188.99
ood,dataset_ok,isaac_odd_dataset/dataset_ok/archive/css-data/test/images/youtube-213_jpg.rf.da70b1d8cefd3cc9d56e43bb88dfb67d.jpg,vest,0.335153,hallucination,,0.00,0.21,96.00,127.98
ood,dataset_ok,isaac_odd_dataset/dataset_ok/archive/css-data/test/images/youtube-472_jpg.rf.e9425ff40c0df2beeef70abbc2324956.jpg,vest,0.729580,hallucination,,0.10,0.24,151.18,251.60
ood,dataset_ok,isaac_odd_dataset/dataset_ok/archive/css-data/test/images/youtube-738_jpg.rf.6f300b76e12b325f7c373c95ef319005.jpg,vest,0.477537,hallucination,,213.86,142.02,638.81,640.00
ood,dataset_ok,isaac_odd_dataset/dataset_ok/archive/css-data/test/images/youtube-840_jpg.rf.974a83a7c5aee7c16e83435b043c6d96.jpg,vest,0.524087,hallucination,,140.91,210.30,306.90,425.27
ood,dataset_ok,isaac_odd_dataset/dataset_ok/archive/css-data/test/images/youtube-840_jpg.rf.974a83a7c5aee7c16e83435b043c6d96.jpg,helmet,0.477937,hallucination,,192.02,91.81,286.96,174.11
ood,dataset_ok,isaac_odd_dataset/dataset_ok/archive/css-data/train/images/-1670-_png_jpg.rf.0463edb430019e01ec79eed27a6349d6.jpg,helmet,0.589845,hallucination,,308.53,0.01,359.93,40.29
ood,dataset_ok,isaac_odd_dataset/dataset_ok/archive/css-data/train/images/-1670-_png_jpg.rf.3cb172ea2c4165c19ae2dd498b38f929.jpg,vest,0.601953,hallucination,,0.00,355.65,24.03,420.75
ood,dataset_ok,isaac_odd_dataset/dataset_ok/archive/css-data/train/images/-1680-_png_jpg.rf.19e88a5022427045071da3f267825d67.jpg,helmet,0.474776,hallucination,,28.38,48.91,115.51,101.15
ood,dataset_ok,isaac_odd_dataset/dataset_ok/archive/css-data/train/images/-1680-_png_jpg.rf.fc3fb462afe2de723f6bc348720198f5.jpg,vest,0.388205,hallucination,,269.58,0.00,414.48,306.27
ood,dataset_ok,isaac_odd_dataset/dataset_ok/archive/css-data/train/images/-1680-_png_jpg.rf.fc3fb462afe2de723f6bc348720198f5.jpg,vest,0.282145,hallucination,,329.56,207.22,640.00,306.33
ood,dataset_ok,isaac_odd_dataset/dataset_ok/archive/css-data/train/images/-1680-_png_jpg.rf.fc3fb462afe2de723f6bc348720198f5.jpg,vest,0.261440,hallucination,,522.59,186.65,640.00,306.65
ood,dataset_ok,isaac_odd_dataset/dataset_ok/archive/css-data/train/images/-1975-_png_jpg.rf.cd700127b5005f75f2eaff2705c1cbb6.jpg,helmet,0.531926,hallucination,,43.26,405.41,92.92,451.53
ood,dataset_ok,isaac_odd_dataset/dataset_ok/archive/css-data/train/images/-2252-_png_jpg.rf.5d2ba68a39912deb9e4383661418224f.jpg,vest,0.274766,hallucination,,263.78,21.79,348.44,72.15
ood,dataset_ok,isaac_odd_dataset/dataset_ok/archive/css-data/train/images/-2252-_png_jpg.rf.e294c55ec43d0a8f1eb80b7a52de697f.jpg,vest,0.324938,hallucination,,561.20,317.02,597.47,361.45
ood,dataset_ok,isaac_odd_dataset/dataset_ok/archive/css-data/train/images/-2297-_png_jpg.rf.feeef4f36bc6dfc96b77a1f7f686fb6c.jpg,vest,0.354376,hallucination,,103.27,0.97,359.73,172.73
ood,dataset_ok,isaac_odd_dataset/dataset_ok/archive/css-data/train/images/-2406-_png_jpg.rf.90ca13003ffd103df1251e958b0fd135.jpg,helmet,0.337058,hallucination,,169.14,116.33,207.37,152.04
ood,dataset_ok,isaac_odd_dataset/dataset_ok/archive/css-data/train/images/-2544-_png_jpg.rf.13bfe27776b4d713faf93d42421ae13f.jpg,vest,0.742517,hallucination,,601.85,136.86,640.00,226.23
ood,dataset_ok,isaac_odd_dataset/dataset_ok/archive/css-data/train/images/-2544-_png_jpg.rf.13bfe27776b4d713faf93d42421ae13f.jpg,vest,0.670186,hallucination,,543.60,136.18,603.39,237.21
ood,dataset_ok,isaac_odd_dataset/dataset_ok/archive/css-data/train/images/-2544-_png_jpg.rf.13bfe27776b4d713faf93d42421ae13f.jpg,vest,0.658161,hallucination,,351.58,152.71,413.49,248.06
ood,dataset_ok,isaac_odd_dataset/dataset_ok/archive/css-data/train/images/-2544-_png_jpg.rf.13bfe27776b4d713faf93d42421ae13f.jpg,vest,0.643153,hallucination,,392.90,132.35,442.50,218.90
ood,dataset_ok,isaac_odd_dataset/dataset_ok/archive/css-data/train/images/-2544-_png_jpg.rf.13bfe27776b4d713faf93d42421ae13f.jpg,vest,0.504873,hallucination,,301.18,138.08,361.34,254.15
ood,dataset_ok,isaac_odd_dataset/dataset_ok/archive/css-data/train/images/-2544-_png_jpg.rf.13bfe27776b4d713faf93d42421ae13f.jpg,vest,0.498645,hallucination,,435.15,146.90,489.02,241.39
ood,dataset_ok,isaac_odd_dataset/dataset_ok/archive/css-data/train/images/-2544-_png_jpg.rf.13bfe27776b4d713faf93d42421ae13f.jpg,vest,0.255221,hallucination,,475.72,128.99,508.91,187.05
ood,dataset_ok,isaac_odd_dataset/dataset_ok/archive/css-data/train/images/-2544-_png_jpg.rf.185d1d1c0cb4027d76f7e31cd409022e.jpg,vest,0.572360,hallucination,,143.64,190.10,328.82,266.59
ood,dataset_ok,isaac_odd_dataset/dataset_ok/archive/css-data/train/images/-2544-_png_jpg.rf.dcf58552354021e725e2535105969f5a.jpg,vest,0.689452,hallucination,,154.58,369.70,268.82,407.02
ood,dataset_ok,isaac_odd_dataset/dataset_ok/archive/css-data/train/images/-I1-MS09uaqsLdGTFkgnS0Rcg1mmPyAj95ySg_eckoM_jpeg_jpg.rf.10828c2a406f3e985c87926751704f49.jpg,vest,0.716486,hallucination,,174.41,332.47,318.42,415.26
ood,dataset_ok,isaac_odd_dataset/dataset_ok/archive/css-data/train/images/-I1-MS09uaqsLdGTFkgnS0Rcg1mmPyAj95ySg_eckoM_jpeg_jpg.rf.fb09ca92aa0016318337101cb73199ae.jpg,helmet,0.540185,hallucination,,300.91,6.84,356.37,61.18
ood,dataset_ok,isaac_odd_dataset/dataset_ok/archive/css-data/train/images/000415_jpg.rf.63b7e0293fb53612fdb4695fa0debfb7.jpg,vest,0.300062,hallucination,,295.45,541.31,307.80,566.03
ood,dataset_ok,isaac_odd_dataset/dataset_ok/archive/css-data/train/images/001425_jpg.rf.02937146b9b48ec81a3c3cf7f0d4d50e.jpg,helmet,0.687945,hallucination,,39.06,50.42,97.26,84.24
ood,dataset_ok,isaac_odd_dataset/dataset_ok/archive/css-data/train/images/001425_jpg.rf.02937146b9b48ec81a3c3cf7f0d4d50e.jpg,helmet,0.630306,hallucination,,197.43,34.20,254.50,68.85
ood,dataset_ok,isaac_odd_dataset/dataset_ok/archive/css-data/train/images/001425_jpg.rf.85bc2e1d337adb66e78e393c2aecff1c.jpg,helmet,0.656602,hallucination,,46.15,46.56,102.25,84.81
ood,dataset_ok,isaac_odd_dataset/dataset_ok/archive/css-data/train/images/001425_jpg.rf.85bc2e1d337adb66e78e393c2aecff1c.jpg,vest,0.573438,hallucination,,522.69,380.76,636.45,475.39
ood,dataset_ok,isaac_odd_dataset/dataset_ok/archive/css-data/train/images/001425_jpg.rf.85bc2e1d337adb66e78e393c2aecff1c.jpg,vest,0.437104,hallucination,,42.14,100.13,151.03,216.45
ood,dataset_ok,isaac_odd_dataset/dataset_ok/archive/css-data/train/images/001425_jpg.rf.8d9766a13f37413d9a9b509766897167.jpg,vest,0.706032,hallucination,,0.20,116.59,85.26,216.00
ood,dataset_ok,isaac_odd_dataset/dataset_ok/archive/css-data/train/images/001425_jpg.rf.970cbc9921e627d49bab629e2bc7dd6c.jpg,helmet,0.450608,hallucination,,289.16,1.15,331.94,38.94
ood,dataset_ok,isaac_odd_dataset/dataset_ok/archive/css-data/train/images/001425_jpg.rf.970cbc9921e627d49bab629e2bc7dd6c.jpg,helmet,0.389967,hallucination,,127.83,0.00,193.36,17.11
ood,dataset_ok,isaac_odd_dataset/dataset_ok/archive/css-data/train/images/001425_jpg.rf.970cbc9921e627d49bab629e2bc7dd6c.jpg,vest,0.360856,hallucination,,264.39,59.57,331.88,166.35
ood,dataset_ok,isaac_odd_dataset/dataset_ok/archive/css-data/train/images/001425_jpg.rf.970cbc9921e627d49bab629e2bc7dd6c.jpg,vest,0.300792,hallucination,,90.08,16.72,182.90,124.15
ood,dataset_ok,isaac_odd_dataset/dataset_ok/archive/css-data/train/images/001425_jpg.rf.ee12b5cd77b14d4b6edbec28be0b9b28.jpg,helmet,0.497826,hallucination,,107.10,7.57,161.53,40.68
ood,dataset_ok,isaac_odd_dataset/dataset_ok/archive/css-data/train/images/002458_jpg.rf.1b4000f1327c1a3d54d98bceebcde622.jpg,helmet,0.827672,hallucination,,189.03,502.88,265.08,579.86
ood,dataset_ok,isaac_odd_dataset/dataset_ok/archive/css-data/train/images/002458_jpg.rf.1b4000f1327c1a3d54d98bceebcde622.jpg,helmet,0.732787,hallucination,,0.15,498.05,87.08,572.84
ood,dataset_ok,isaac_odd_dataset/dataset_ok/archive/css-data/train/images/002458_jpg.rf.1b4000f1327c1a3d54d98bceebcde622.jpg,vest,0.502550,hallucination,,353.42,91.22,438.02,317.86
ood,dataset_ok,isaac_odd_dataset/dataset_ok/archive/css-data/train/images/002458_jpg.rf.5920dd0b127455ba3892de5ce09611e2.jpg,helmet,0.376065,hallucination,,569.96,0.00,619.31,28.42
ood,dataset_ok,isaac_odd_dataset/dataset_ok/archive/css-data/train/images/002654_jpg.rf.ff1deb021121bfef83e8a9152093596e.jpg,helmet,0.486959,hallucination,,160.62,0.48,278.89,95.13
ood,dataset_ok,isaac_odd_dataset/dataset_ok/archive/css-data/train/images/002682_jpg.rf.29171c747ef34470238dd52b997917d8.jpg,helmet,0.630121,hallucination,,344.09,342.84,438.50,444.83
ood,dataset_ok,isaac_odd_dataset/dataset_ok/archive/css-data/train/images/002682_jpg.rf.32c372b1f8fe5c33729441cfa170fac6.jpg,vest,0.553903,hallucination,,497.26,537.99,537.59,640.00
ood,dataset_ok,isaac_odd_dataset/dataset_ok/archive/css-data/train/images/002682_jpg.rf.32c372b1f8fe5c33729441cfa170fac6.jpg,vest,0.321558,hallucination,,610.70,534.96,640.00,639.94
ood,dataset_ok,isaac_odd_dataset/dataset_ok/archive/css-data/train/images/003184_jpg.rf.028bc555473f5424473dac253d2e6de4.jpg,helmet,0.531862,hallucination,,593.07,346.45,640.00,461.08
ood,dataset_ok,isaac_odd_dataset/dataset_ok/archive/css-data/train/images/003184_jpg.rf.e7b83a5faa2513c5d2201944e2b2bd17.jpg,vest,0.615842,hallucination,,0.02,0.02,309.67,183.66
ood,dataset_ok,isaac_odd_dataset/dataset_ok/archive/css-data/train/images/003184_jpg.rf.ff0c89d68480e029f33402d458c7531c.jpg,helmet,0.574949,hallucination,,103.04,41.25,226.66,109.71
ood,dataset_ok,isaac_odd_dataset/dataset_ok/archive/css-data/train/images/003184_jpg.rf.ff0c89d68480e029f33402d458c7531c.jpg,helmet,0.463629,hallucination,,235.94,0.31,316.99,51.57
ood,dataset_ok,isaac_odd_dataset/dataset_ok/archive/css-data/train/images/004720_jpg.rf.0dcf5ce7437210bdf3d5e2f1bab5f21e.jpg,helmet,0.331813,hallucination,,10.70,208.72,106.42,253.76
ood,dataset_ok,isaac_odd_dataset/dataset_ok/archive/css-data/train/images/005100_jpg.rf.11d7bd86fe6608dc8ca416382c74d469.jpg,vest,0.312452,hallucination,,57.08,428.06,315.68,517.33
ood,dataset_ok,isaac_odd_dataset/dataset_ok/archive/css-data/train/images/005100_jpg.rf.94a94bc12f13609d6c57cbd13100dd8e.jpg,vest,0.574459,hallucination,,1.76,0.00,94.17,46.73
ood,dataset_ok,isaac_odd_dataset/dataset_ok/archive/css-data/train/images/005100_jpg.rf.94a94bc12f13609d6c57cbd13100dd8e.jpg,helmet,0.564316,hallucination,,179.70,0.00,257.01,84.32
ood,dataset_ok,isaac_odd_dataset/dataset_ok/archive/css-data/train/images/005139_jpg.rf.e8403525bf33f19710d4adb5344256a9.jpg,helmet,0.384740,hallucination,,200.62,0.16,306.93,83.30
ood,dataset_ok,isaac_odd_dataset/dataset_ok/archive/css-data/train/images/005180_jpg.rf.07de45ecea6050e4afec7f8a3632ea11.jpg,helmet,0.488400,hallucination,,321.53,53.18,391.12,103.40
ood,dataset_ok,isaac_odd_dataset/dataset_ok/archive/css-data/train/images/005180_jpg.rf.07f95f7d40be1642632bca5a25661ec5.jpg,helmet,0.722284,hallucination,,165.77,20.02,229.51,61.33
ood,dataset_ok,isaac_odd_dataset/dataset_ok/archive/css-data/train/images/005180_jpg.rf.77e5bbc190a7bde710749bae284e6fff.jpg,helmet,0.623344,hallucination,,346.27,527.67,625.10,640.00
ood,dataset_ok,isaac_odd_dataset/dataset_ok/archive/css-data/train/images/005180_jpg.rf.77e5bbc190a7bde710749bae284e6fff.jpg,helmet,0.422032,hallucination,,14.43,45.95,87.78,112.68
ood,dataset_ok,isaac_odd_dataset/dataset_ok/archive/css-data/train/images/005239_jpg.rf.20727bffc9c5afe39c9bfdddf3a4f222.jpg,helmet,0.524089,hallucination,,48.45,2.83,150.50,124.98
ood,dataset_ok,isaac_odd_dataset/dataset_ok/archive/css-data/train/images/005310_jpg.rf.31b8beb7dd8e338e4818d2e1a648656f.jpg,helmet,0.462445,hallucination,,416.13,0.10,514.87,43.94
ood,dataset_ok,isaac_odd_dataset/dataset_ok/archive/css-data/train/images/005310_jpg.rf.31b8beb7dd8e338e4818d2e1a648656f.jpg,vest,0.423959,hallucination,,0.00,0.49,84.09,194.91
ood,dataset_ok,isaac_odd_dataset/dataset_ok/archive/css-data/train/images/005310_jpg.rf.3fadf8fa69fb354db06bed4e42142276.jpg,helmet,0.351917,hallucination,,2.54,129.20,68.35,195.61
ood,dataset_ok,isaac_odd_dataset/dataset_ok/archive/css-data/train/images/005310_jpg.rf.462b38e32ee1aed612c4ed119dc9a06e.jpg,helmet,0.300615,hallucination,,205.40,61.15,252.11,139.23
ood,dataset_ok,isaac_odd_dataset/dataset_ok/archive/css-data/train/images/005376_jpg.rf.0c1077624516cc048e465b4a675ce5e2.jpg,vest,0.327067,hallucination,,425.64,263.47,516.29,439.51
ood,dataset_ok,isaac_odd_dataset/dataset_ok/archive/css-data/train/images/005376_jpg.rf.b5f5bae65dbd647030aa3a08c16f17f0.jpg,helmet,0.765279,hallucination,,0.00,3.36,60.57,106.74
ood,dataset_ok,isaac_odd_dataset/dataset_ok/archive/css-data/train/images/005376_jpg.rf.b5f5bae65dbd647030aa3a08c16f17f0.jpg,helmet,0.667160,hallucination,,480.11,451.93,527.92,495.49
ood,dataset_ok,isaac_odd_dataset/dataset_ok/archive/css-data/train/images/005376_jpg.rf.b5f5bae65dbd647030aa3a08c16f17f0.jpg,helmet,0.539944,hallucination,,46.74,466.36,76.81,498.22
ood,dataset_ok,isaac_odd_dataset/dataset_ok/archive/css-data/train/images/005376_jpg.rf.b5f5bae65dbd647030aa3a08c16f17f0.jpg,helmet,0.531321,hallucination,,168.41,512.91,205.99,553.23
ood,dataset_ok,isaac_odd_dataset/dataset_ok/archive/css-data/train/images/005376_jpg.rf.b5f5bae65dbd647030aa3a08c16f17f0.jpg,helmet,0.421532,hallucination,,147.53,506.91,176.50,537.05
ood,dataset_ok,isaac_odd_dataset/dataset_ok/archive/css-data/train/images/005376_jpg.rf.b5f5bae65dbd647030aa3a08c16f17f0.jpg,helmet,0.253708,hallucination,,348.39,546.55,386.16,583.21
ood,dataset_ok,isaac_odd_dataset/dataset_ok/archive/css-data/train/images/005577_jpg.rf.566862c761348eb4f58647d4d420213b.jpg,helmet,0.545774,hallucination,,40.86,16.41,237.11,155.82
ood,dataset_ok,isaac_odd_dataset/dataset_ok/archive/css-data/train/images/006012_jpg.rf.140391c68102321f02973bd473f607da.jpg,vest,0.346448,hallucination,,291.91,168.70,353.44,304.32
ood,dataset_ok,isaac_odd_dataset/dataset_ok/archive/css-data/train/images/006118_jpg.rf.3a398e4f8ef5bf8cd84c4fc4a6f36ac6.jpg,helmet,0.557054,hallucination,,92.34,0.82,191.77,79.00
ood,dataset_ok,isaac_odd_dataset/dataset_ok/archive/css-data/train/images/006118_jpg.rf.52041b1d83e4a812028b6ead912c00e5.jpg,helmet,0.615431,hallucination,,383.26,27.55,437.16,79.03
ood,dataset_ok,isaac_odd_dataset/dataset_ok/archive/css-data/train/images/006118_jpg.rf.f747f08bf972bd350b70c282e547a71c.jpg,helmet,0.649069,hallucination,,467.70,484.96,574.56,599.66
ood,dataset_ok,isaac_odd_dataset/dataset_ok/archive/css-data/train/images/01094_jpg.rf.15d2452cfbd2f25016ddb1bb90f0e19a.jpg,vest,0.861795,hallucination,,0.52,453.95,115.87,640.00
ood,dataset_ok,isaac_odd_dataset/dataset_ok/archive/css-data/train/images/01094_jpg.rf.a353aa741bea05e999eed430fbca7d6b.jpg,helmet,0.741107,hallucination,,465.61,90.46,573.07,208.98
ood,dataset_ok,isaac_odd_dataset/dataset_ok/archive/css-data/train/images/01094_jpg.rf.a353aa741bea05e999eed430fbca7d6b.jpg,vest,0.322069,hallucination,,305.45,295.41,398.91,428.83
ood,dataset_ok,isaac_odd_dataset/dataset_ok/archive/css-data/train/images/01094_jpg.rf.a95df02db342161eb0d886290b8f28b7.jpg,vest,0.785323,hallucination,,520.90,146.63,633.23,258.43
ood,dataset_ok,isaac_odd_dataset/dataset_ok/archive/css-data/train/images/01094_jpg.rf.a95df02db342161eb0d886290b8f28b7.jpg,vest,0.311460,hallucination,,619.24,339.57,640.00,394.95
ood,dataset_ok,isaac_odd_dataset/dataset_ok/archive/css-data/train/images/01235_jpg.rf.309f857849c1804ab1f2f1f168902f50.jpg,vest,0.584322,hallucination,,301.45,331.50,470.83,581.26
ood,dataset_ok,isaac_odd_dataset/dataset_ok/archive/css-data/train/images/01235_jpg.rf.5602858e3d72530c62b1d2f4c3e15770.jpg,helmet,0.657142,hallucination,,39.66,20.81,145.85,129.54
ood,dataset_ok,isaac_odd_dataset/dataset_ok/archive/css-data/train/images/01235_jpg.rf.888a393865d848ca1fce7fd8c190f3b4.jpg,helmet,0.596066,hallucination,,260.14,0.25,463.58,138.94
ood,dataset_ok,isaac_odd_dataset/dataset_ok/archive/css-data/train/images/01235_jpg.rf.a9a777b5a318084f48a13a5f125554f5.jpg,vest,0.465889,hallucination,,0.03,257.16,89.84,481.00
ood,dataset_ok,isaac_odd_dataset/dataset_ok/archive/css-data/train/images/01235_jpg.rf.a9a777b5a318084f48a13a5f125554f5.jpg,vest,0.410544,hallucination,,0.03,256.47,90.32,411.84
ood,dataset_ok,isaac_odd_dataset/dataset_ok/archive/css-data/train/images/01261_jpg.rf.a2f9b65be201cebad78a1c25a855b0f2.jpg,vest,0.739160,hallucination,,132.89,427.36,261.55,549.17
ood,dataset_ok,isaac_odd_dataset/dataset_ok/archive/css-data/train/images/01261_jpg.rf.a2f9b65be201cebad78a1c25a855b0f2.jpg,helmet,0.630791,hallucination,,34.61,97.95,112.11,176.38
ood,dataset_ok,isaac_odd_dataset/dataset_ok/archive/css-data/train/images/01261_jpg.rf.a2f9b65be201cebad78a1c25a855b0f2.jpg,helmet,0.405440,hallucination,,204.55,67.27,299.21,149.79
ood,dataset_ok,isaac_odd_dataset/dataset_ok/archive/css-data/train/images/01261_jpg.rf.a2f9b65be201cebad78a1c25a855b0f2.jpg,vest,0.303348,hallucination,,144.42,199.14,309.39,286.45
ood,dataset_ok,isaac_odd_dataset/dataset_ok/archive/css-data/train/images/01261_jpg.rf.ee044d42291843f1358960c4d8c1d466.jpg,vest,0.774306,hallucination,,281.67,437.16,360.07,636.26
ood,dataset_ok,isaac_odd_dataset/dataset_ok/archive/css-data/train/images/01261_jpg.rf.ee044d42291843f1358960c4d8c1d466.jpg,helmet,0.743698,hallucination,,67.50,38.35,153.21,112.90
ood,dataset_ok,isaac_odd_dataset/dataset_ok/archive/css-data/train/images/01261_jpg.rf.ee044d42291843f1358960c4d8c1d466.jpg,helmet,0.256756,hallucination,,408.16,402.23,465.60,466.50
ood,dataset_ok,isaac_odd_dataset/dataset_ok/archive/css-data/train/images/01261_jpg.rf.ee044d42291843f1358960c4d8c1d466.jpg,helmet,0.252323,hallucination,,353.56,0.00,440.65,63.35
ood,dataset_ok,isaac_odd_dataset/dataset_ok/archive/css-data/train/images/01437_jpg.rf.f33846f08de75ae3d897f2902747c725.jpg,helmet,0.394913,hallucination,,61.26,0.46,152.78,84.06
ood,dataset_ok,isaac_odd_dataset/dataset_ok/archive/css-data/train/images/02629_jpg.rf.1c71d128f3dca9b80504e5e7163508bc.jpg,helmet,0.698612,hallucination,,465.93,371.04,536.79,409.73
ood,dataset_ok,isaac_odd_dataset/dataset_ok/archive/css-data/train/images/02629_jpg.rf.1c71d128f3dca9b80504e5e7163508bc.jpg,vest,0.318035,hallucination,,0.08,110.87,31.32,159.14
ood,dataset_ok,isaac_odd_dataset/dataset_ok/archive/css-data/train/images/1288788-une-employee-aide-des-voyageurs-en-provenance-de-chine-le-26-janvier-2020-a-l-aeroport-de-roissy_jpg.rf.e65c339a3dc986701e765116332dba2d.jpg,vest,0.881158,hallucination,,0.00,335.87,192.81,640.00
ood,dataset_ok,isaac_odd_dataset/dataset_ok/archive/css-data/train/images/129_jpg.rf.6ffe5c397bf302ae2bf05108d292a3f8.jpg,vest,0.275458,hallucination,,2.92,0.45,348.51,346.58
ood,dataset_ok,isaac_odd_dataset/dataset_ok/archive/css-data/train/images/135e-huxwryw6451820_jpg.rf.c9c6258ad45ebf19f75149b6d5c69134.jpg,vest,0.257436,hallucination,,170.74,471.68,293.16,639.64
ood,dataset_ok,isaac_odd_dataset/dataset_ok/archive/css-data/train/images/2008_008364_jpg.rf.6c09ae7ec7500b18c2f9175f7ae996c9.jpg,vest,0.375830,hallucination,,0.03,250.23,223.05,426.11
ood,dataset_ok,isaac_odd_dataset/dataset_ok/archive/css-data/train/images/2008_008382_jpg.rf.23c52bce2cca27ec7c476e91b24de0ae.jpg,vest,0.525825,hallucination,,477.00,348.05,639.95,585.81
ood,dataset_ok,isaac_odd_dataset/dataset_ok/archive/css-data/train/images/2008_008526_jpg.rf.a1eb584550fe5b07c45425a258c66052.jpg,helmet,0.445580,hallucination,,424.05,305.59,477.42,354.21
